Káin;;;;;;;;;;;;;;;;;;;;;;;;;;;;;;;;;;;;;;;;;;;;;;;;;;;;;;;;;;;;;;;;;;;;;;;;;;;;;;;;;;;;;;;;;;;;;;;;;;;;;;;;;;;;;;;;;;;;;;;;;;;;;;;;;;;;;;;;;;;;;;;;;;;;;;;;;;;;;;;;;;;;;;;;;;;;;;;;;;;;;;;;;;;;;;;;;;;;;;;;;;;;;;;;;;;;;;;;;;;;;;;;;;;;;;;;;;;;;;;;;;;;;;;;;;;;;;;;;;;;;;;;;;;;;;;;;;;;;;;;;;;;;;;;;;;;;;;;;;;;;;;;;;;;;;;;;;;;;;;;;;;;;;;;;;;;;;;;;;;;;;;;;;;;;;;;;;;;;;;;;;;;;;;;;;;;;;;;;;;;;;;;;;;;;;;;;;;;;;;;;;;;;;;;;;;;;;;;;;;;;;;;;;;;;;;;;;;;;;;;;;;;;;;;;;;;;;;;;;;;;;;;;;;;;;;;;;;;;;;;;;;;;;;;;;;;;;;;;;;;;;;;;;;;;;;;;;;;;;;;;;;;;;;;;;;;;;;;;;;;;;;;;;;;;;;;;;;;;;;;;;;;;;;;;;;;;;;;;;;;;;;;;;;;;;;;;;;;;;;;;;;;;;;;;;;;;;;;;;;;;;;;;;;;;;;;;;;;;;;;;;;;;;;;;;;;;;;;;;;;;;;;;;;;;;;;;;;;;;;;;;;;;;;;;;;;;;;;;;;;;;;;;;;;;;;;;;;;;;;;;;;;;;;;;;;;;;;;;;;;;;;;;;;;;;;;;;;;;;;;;;;;;;;;;;;;;;;;;;;;;;;;;;;;;;;;;;;;;;;;;;;;;;;;;;;;;;;;;;;;;;;;;;;;;;;;;;;;;;;;;;;;;;;;;;;;;;;;;;;;;;;;;;;;;;;;;;;;;;;;;;;;;;;;;;;;;;;;;;;;;;;;;;;;;;;;;;;;;;;;;;;;;;;;;;;;;;;;;;;;;;;;;;;;;;;;;;;;;;;;;;;;;;;;;;;;;;;;;;;;;;;;;;;;;;;;;;;;;;;;;;;;;;;;;;;;;;;;;;;;;;;;;;;;;;;;;;;;;;;;;;;;;
Enoch, a Bölcs;;;;;;;;;;;;;;;;;;;;;;;;;;;;;;;;;;;;;;;;;;;;;;;;;;;;;;;;;;;;;;;;;;;;;;;;;;;;;;;;;;;;;;;;;;;;;;;;;;;;;;;;;;;;;;;;;;;;;;;;;;;;;;;;;;;;;;;;;;;;;;;;;;;;;;;;;;;;;;;;;;;;;;;;;;;;;;;;;;;;;;;;;;;;;;;;;;;;;;;;;;;;;;;;;;;;;;;;;;;;;;;;;;;;;;;;;;;;;;;;;;;;;;;;;;;;;;;;;;;;;;;;;;;;;;;;;;;;;;;;;;;;;;;;;;;;;;;;;;;;;;;;;;;;;;;;;;;;;;;;;;;;;;;;;;;;;;;;;;;;;;;;;;;;;;;;;;;;;;;;;;;;;;;;;;;;;;;;;;;;;;;;;;;;;;;;;;;;;;;;;;;;;;;;;;;;;;;;;;;;;;;;;;;;;;;;;;;;;;;;;;;;;;;;;;;;;;;;;;;;;Irad, az Er?s;;;;;;;;;;;;;;;;;;;;;;;;;;;;;;;;;;;;;;;;;;;;;;;;;;;;;;;;;;;;;;;;;;;;;;;;;;;;;;;;;;;;;;;;;;;;;;;;;;;;;;;;;;;;;;;;;;;;;;;;;;;;;;;;;;;;;;;;;;;;;;;;;;;;;;;;;;;;;;;;;;;;;;;;;;;;;;;;;;;;;;;;;;;;;;;;;;;;;;;;;;;;;;;;;;;;;;;;;;;;;;;;;;;;;;;;;;;;;;;;;;;;;;;;;Zillah, a Gyönyör?;;;;;;;;;;;;;;;;;;;;;;;;;;;;;;;;;;;;;;;;;;;;;;;;;;;;;;;;;;;;;;;;;;;;;;;;;;;;;;;;;;;;;;;;;;;;;;;;;;;;;;;;;;;;;;;;;;;;;;;;;;;;;;;;;;;;;;;;;;;;;;;;;;;;;;;;;;;;;;;;;;;;;;;;;;;;;;;;;;;;;;;;;;;;;;;;;;;;;;;;;;;;;;;;;;;;;;;;;;;;;;;;;;;;;;;;;;;;;;;;;;;;;;;;;;;;;;;;;;;;;;;;;;;;;;;;;;;;;;;;;;;;;;;;;;;;;;;;;;;;;;;;;;;;;;;;;;;;;;;;;;;;;;;;;;;;;;;
Veddhartha;;;;;;;;;;;;;;;;;;;;;;;;;;;;;;;;;;;;;;;;;;;;;;;;;;;;;;;;;;;;;;;;;;;;;;;;;;;;;;;;;;;;;;;;;;;;;;;;;;;;;;;;;;;;;;;;;;;;;;;;;;;;;;;;;;;;;;;;;;;;;;;;;;;;;;;;;;;;;Saulot / Zao-lat;;;;;;;;;;;;;;;;;;;;;;;;;;;;;;;;;;;;Ashur, a Kappadókiai;;;;;;;;;;;;;;;;;;;;;;;;;;;;;;;;;;;;;;;;;;;;;;;;Malkav;;;;;;;;;;;;;;;;;;;;;;;;;;;;;;;;;;;;;;;;;;;;;;;;;;;;;;;;;;;;;;;;;;;;;;;;;;;;;;;;;;;;;;;;;;;;;;;;;;;;;Trójai Ilyah;;;;;;;;;;;;;;;;;;;;;;;;;;;;;;;;;;;;;;;;;;;;;;;;;;;;;;;;;;;;;;;;;;;;;;;;;;;;;;;;;;;;;;;;;;;;;;;;;;;;;;;;;;;;;;;;;;;;;;;Haquim;;;;;;;;;;;;;;;;;;;;;;;;;;;;;;;;;Lucian / Typhon / Lambech;;;;;;;;;;;;;;;;;;;;;;;;;;;;;;;;;;;;;;;;;;;;;;;;;;;;;;;;;;;;;;;;;;;;;;;;;;;;;;;;;;;;;;;Ennoia / Daenna;;;;;;;;;;;;;;;;;;;;;;;;;;;;;;;;;;;;;;;;;;;;;;;;;;;;;;;;;;;;;;;;;;;;;;;;;;;;;;;;;;;;;;;;;;;;;;;;;;;;;;;;;;;;;;;;;;;;;;;;;;;;;;;Zapathasura / Dracian;Mekhet;Absimilard;;;;;;;;;;;;;;;;;;;;;;;;;;;;;;;;;;;;;;;;;;;;;;;;;;;;;;;;;;;;;;;;;;;;;;;;;;;;;;;;;;;;;;;;;;;;;;;;;;;;;;;;;;;;;;;;;;;;;Arikel / Isthar / Astarte / Inanna;;;;;;;;;;;;;;;;;;;;;;;;;;;;;;;;;;;;;;;;;;;;;;;;;;;;;;;;;;;;;;;;;;;;;;;;;;;;;;;;;;;;;;;;;;;;;;;;;;;;;;;;;;;;;;;;;;;;;;;;;;;;;;;;;;;;;;;;;;;;;;;;;;;;Sutekh / Set;;;;;;;;;;;;;;;;;;;;;;;;;;;;;;;;;;;;;;;;;;;;;;;;;;;;;;;;;;;;;;;;;;;;;;
Ur-i Arakur;;;;;;;;;Medon;;;;;Nefer-meri-Isis;;;;;;;Spártai Artemisz;;;;;;;Tinia;;;;;;Aken Hoten;;;;;;;;;Marcus Antonius;;;;;;;;;;;;;;;;;;;;;;;;;;Alexander;;;;;;;;;;;;;;;;Mithras;;;;;;;;;;;;;;;;;;;;;;;;;;;;;Gomerland;;;;;;;;;;;;;;;;;;;;;Erik Eigermann;;;;;;;;;;;Maltheas;;;;;;;;;;;Rayzeel;;Samiel;;;;;;;;;;Yakov;;;Hrorsh;;;Nergal / Shaitan / Adriel / Huitzilopochtli;;;;;Moloch;;;;Seker, a Vörös Halál;;;Zao-zei;Zao-xue;Akhraziel;;;Nahum ben Enosh;Caias;Japeth / A Kapucínus;;;;;;;;;;;;Lazarus;;;;;;;Lameth, a Sötét Megváltó;Byzar / Mahatma;;;;;;;Augusto Giovanni;;;;;;;;;;;;;;;;;;;;Lamdiel;;;;;;;;;;;;;;;;;;;;;;;;;;A Fert?-Ara;;;;;;;;;;;;Nissiku, a Ravasz Herceg;;;;;;;;;;;;;A Faló;;;;;;;;;;;;;;Elimenech, a Kétszer Átkozott;;;;;;;;;;;;;;;;;;;Lerterimas;;;;;;;;;;;;;;Brahina;;;Anis, az Éjszaka Királyn?je;Troile;;;;;;;;;;;;;;;;;;;;;;;;;;;;;;;;;;;;;;;;;;;;;;;;;;;;;;;;;;;;;;;;;;;;;;;;;;;;;;;;;;;;;;;;;;;;;;;;;;;;;;;;;;;;;;;;;;;;Belit-Sheri;;An-Enlilda;;;;;;;;;;ur-Shulgi;;;;;;;;Mancheaka;Sha'hiri;;;;;;;;;;;Jamal;;;Osiris;Ontai /Montano;;;;;;;;;;;;;;;;;;;;;;;;;;;;;Boukephos / Francisco Diego del Belmonte;;;;;;;;;;;;;;;;;;;;;;;;;;;;;;;;Xarca;;;;;;;;;;;;;;;;;;;;;;;;Gratiano;Uruk-i Urlon;;;;;;;;;;;;;;;;;;;;;;Matashuntha, a Tigris;;;;;;;;;;;;;;;;;;;;Odin, a Mindenható;;;;;;;;;;;;;;;;;;;;;;;;;;;;;;;;;;;;;;;Enkidu;;;;;;;;;;;;;Mielikki;Kurunta, a Vad;;;;;;;;Warihu, a Hold;;;;;;;;;;Hukros;;;;;;;;;;;;Dobrul, a Bátor;;;;Yima;Vasilisa;Abraxes;Nuckalavee;Gorgo;Echidna;Azazel;Melachoate;;;;;;;;;;;;;;;;;;;;;;;;;;;;;;;;;;;;;;;;;;;;;;;;;;;A Matriarcha;;;;;;;;;;;;;;;;;;;;;;;;;;;;;;;;;;;;;;Kli Kodesh;;;;;;;;;;;;;;;;;Baba Yaga;;;;Amarantha;Mi-Ka-Il / Besther / Michael;;;;;;;;;;;;;;;;;;;;;;;;;;;;;;;;;;;;Minos;;;;;;;;;;;;;;;;;;;;;;;;;;;;;;;;;;;;;;;Iontius / Derrick Zeel;;;;;;;;;;;;;;;;;Babiloni Theresa;;;;;;Marikasha;;;;;;;;;;;;;;;;;;;;Alexandria / Vörös Ludwig;;;;;;;;;;;;;;;;;;;;;;;;;;;Sir Matthew Lubbock;;Nakhthorheb ;;Seterpenre ;Maatkare ;Ta-urt;;Kemintiri ;Nefertiti ;Nephthys ;Qufur Am-Heru;;;;;;;;;;;;;;;;;;;;;;;;;;;;;;;;;;;;;;;;;;;;;;;;;;;;;;;;;;;;;
4. generáció;;;;;;;;;4. generáció;;;;;4. generáció;;;;;;;4. generáció;;;;;;;4. generáció;;;;;;4. generáció;;;;;;;;;4. generáció;;;;;;;;;;;;;;;;;;;;;;;;;;4. generáció;;;;;;;;;;;;;;;;4. generáció;;;;;;;;;;;;;;;;;;;;;;;;;;;;;4. generáció;;;;;;;;;;;;;;;;;;;;;4. generáció;;;;;;;;;;;4. generáció;;;;;;;;;;;4. generáció;;4. generáció;;;;;;;;;;4. generáció;;;4. generáció;;;4. generáció;;;;;4. generáció;;;;4. generáció;;;4. generáció;4. generáció;4. generáció;;;4. generáció;4. generáció;4. generáció;;;;;;;;;;;;4. generáció;;;;;;;4. generáció;4. generáció;;;;;;;4-3. generáció;;;;;;;;;;;;;;;;;;;;4. generáció;;;;;;;;;;;;;;;;;;;;;;;;;;4. generáció;;;;;;;;;;;;4. generáció;;;;;;;;;;;;;4. generáció;;;;;;;;;;;;;;4. generáció;;;;;;;;;;;;;;;;;;;4. generáció;;;;;;;;;;;;;;4. generáció;;;4. generáció;4-3. generáció;;;;;;;;;;;;;;;;;;;;;;;;;;;;;;;;;;;;;;;;;;;;;;;;;;;;;;;;;;;;;;;;;;;;;;;;;;;;;;;;;;;;;;;;;;;;;;;;;;;;;;;;;;;;;;;;;;;;4. generáció;;4. generáció;;;;;;;;;;4. generáció;;;;;;;;4. generáció;4. generáció;;;;;;;;;;;4. generáció;;;4. generáció;4. generáció;;;;;;;;;;;;;;;;;;;;;;;;;;;;;4. generáció;;;;;;;;;;;;;;;;;;;;;;;;;;;;;;;;4. generáció;;;;;;;;;;;;;;;;;;;;;;;;4. generáció;4. generáció;;;;;;;;;;;;;;;;;;;;;;4. generáció;;;;;;;;;;;;;;;;;;;;4 .generáció;;;;;;;;;;;;;;;;;;;;;;;;;;;;;;;;;;;;;;;4. generáció;;;;;;;;;;;;;4. generáció;4. generáció;;;;;;;;4. generáció;;;;;;;;;;4. generáció;;;;;;;;;;;;4. generáció;;;;4. generáció;4. generáció;4. generáció;4. generáció;4. generáció;4. generáció;4. generáció;4. generáció;;;;;;;;;;;;;;;;;;;;;;;;;;;;;;;;;;;;;;;;;;;;;;;;;;;4. generáció;;;;;;;;;;;;;;;;;;;;;;;;;;;;;;;;;;;;;;4. generáció;;;;;;;;;;;;;;;;;4. generáció;;;;4. generáció;4. generáció;;;;;;;;;;;;;;;;;;;;;;;;;;;;;;;;;;;;4. generáció;;;;;;;;;;;;;;;;;;;;;;;;;;;;;;;;;;;;;;;4. generáció;;;;;;;;;;;;;;;;;4. generáció;;;;;;4. generáció;;;;;;;;;;;;;;;;;;;;4. generáció;;;;;;;;;;;;;;;;;;;;;;;;;;;4. generáció;;4. generáció;;4. generáció;4. generáció;4. generáció;;4. generáció;4. generáció;4. generáció;4. generáció;;;;;;;;;;;;;;;;;;;;;;;;;;;;;;;;;;;;;;;;;;;;;;;;;;;;;;;;;;;;;
Nefertum;Ur-i Tiamat;;;;;;;;Görög Ventruek;Gaius Fabricius;;;;Egyiptomi Ventruek;Elihu;;;;Alexander Vargos;;Lysander;;;;;;Michaellis;Collat;;;Julia Antasia;;Etrusz Ventruek;Athéni Helena;;;;;;;;;Caius;;;;;Belisarius;;;;;;;;;;;Septima Dominica;;;;;Hardestadt az Öreg;;;;;Demetrius;;;;;;;;;Gaius Marcellus;;;Tiberius;;Geoffri du Temple;;Indiai Ventruek;Perzsa Ventruek;Del'Roh;;;;;;;;;;;;;;;;;Sennicherib;;;;Celdric;;;;;Hosszúfogú Sven;Volstag-i Heinrich;;;;;;;;;;;;;;;;;;;;Spanyol és Latin-Amerika-i Ventruek;Fabrizio Ulfia;;;;Ilse Reinegger;;;;;;;Balthazar;;;Rashur;;;;;;;;Myrael;;Ithuriel;Gabriel;Aariel;Uriel;;;Ezrael;Za'aphiel;;;Karesh;Javaniel;;Vekis;Simeon;;Cybele;Yeremiah;Camazotz / Nezahualcoyotl;;;Annazir;;;;A Rettent? Éj Els? Gyermeke;A Rettent? Éj Második Gyermeke;A Rettent? Éj Harmadik Gyermeke;Az Árva Tolvajok;Az Árva Tudósok;Madiel;Nuriel;;Israel;Egyiptomi Kappadókok;Constancia / Unre;;;;;Abraham;;;;Lord Camden;;;Lahmia;Troglodytia;Samedi Báró;;;;;;Alexia Theusa;Antiokhiai Kürosz;;;;Ungol;;Claudius Giovanni;;;;;;;;;;;;;;;;;;;;Addemar;;;;;;;;;;;;;;;;Mellandis;;;;;Alabaster;;;;;Az Ankou;A Fekete Banya;;;Antoine le Fanu;;;;;;;;Abd-Ar-Rahman;;;;;;;;;Tryphosa;;Necross;;Brude;;;;;;;A Dionüszoszi;;;;Szfinx;;;Nero;;Marcus;;;;;;Alchius;;;Demtius;;;;;;;;Louhi;;;;;;Andre Milano;;;;;;Harold Zettler;;Indiai Malkaviták;Unmada;;;Meneleus / Menele;;;;;;;;;;;;;;;;;;;;;;;;;;;;;;;;;;;;;;;;;;;;;;;;;;;;;;;Losario;;;;;;;;;;;;;;;;;;;;;;;;;;;Hannibal;;;;;;;;;;;;;;;;;;;;;;;;;;;;;;;;;;Shalmath;;Azif;Tegyrius;;;;Khaldun;;Rebekah;;;Al-Ashrad;;;;;;Nar-Sheptha, az ?rz?;Shango vérvonal;;Thetmes;;;;Izhim ur-Baal / Izhim abd'Azrael;;Mohara;;;;;Wasim;Bakr;Pelagon;Khetamon;Núbiai Lasombrák;Xi Dundu vérvonal;Nahir;;;Awsam;;;;;Silvester de Ruiz;;;;;;;;;;;;;;;;;;;Görög Lasombrák;Perzsa Lasombrák;Cynna;Indiai Lasombrák;Goeffrey;;;;;Basilio;;;;;;;;;;;;;;;Marconius;Thomas von Hossen;;;;Tercio Bravo;;;Perzsa Lasombrák;Sybil;;;;;;;;;;;;;;;;;;;;;;;;Al-Gamiz;;;;;;;;;;;;Randall;;;;;;Hassan al-Samhir / Karsh;;;Jalan-Alav;Pard, a Sivatagi Oroszlán;;;;;;;;Attila, a Hun;;;;;;;Lareth;;;Indiai Gangrelek;Khmer Gangrelek;Ulfsdottir;;;;;;;;;;;;;;;;;Scendrak;;;;;;;Gwyedd;;;;;;;;;;;;;;;Gilgamesh;;Elijah;;;;;;;Nostoket;;;Görög Gangrelek;Noiádok;Mictlantecuhtli;;;Windam;;Vágtázó;Kanadai Gangrelek;Amerikai Gangrelek;Tisquantum;;;;;;Mauchaug;Irokéz Gangrelek;Kanadai Gangrelek;Amerikai Gangrelek;Karthágói Gangrelek;Marcus Sextus / Esemkofu;;;;;;;;Antithera;Etióp Gangrelek;Akunanse vérvonal;Chinkhai, a Merész;Yesira, az Anya;;;;;;;;;;Görög Nosferatuk;Cristo;;;;;;;;;;;;;;;;;;;;;Hauzal;;;;;;;;;;;;;;;;;;;Androvikus;;;;;;;;;;Urghalt;;;;;;;;;;Tarique al-Hajji;;;;;;;Alexius;;;;;;;;;;;;;;;;;;;;;Cassius;;;;;;;;Trajanus;;;;;;;;Guruhi vérvonal;Gutka, a Sókirályn?;Subotai kán;Melitta Wallenberg;Szergei Voshkov;;Perzsa Toreadorok;Caius Petronius;;;Enimachia;;;;;;;;;;;Iulus Rufus Naso;;;;;;;;;;;Masser;Tralles-i Anthemios;;;Pakourianis, a Galamb;;Paul Bathalos;;;;Krétai Toreadorok;Helena;;;;;;;;;;;;;;;;;;;;;;;;;;;;;;;;;;;;;;Görög Toreadorok;Karthágói Toreadorok;Ishaq;;;;;;;Normandiai András;;;;;;;;Babiloni Toreadorok;Asszír Toreadorok;Perzsa Toreadorok;Vasthai;;;Krétai Toreadorok;Endymion;;;;;;;;;;;;;;;;Istharri vérvonal;Mariella;;Karthágói Toreadorok;Spanyol Toreadorok;Argentín Toreadorok;Rafael de Corazon;;;;;;;;;;;Allanyan Serata;;Philippe Volgirre;;;;;;;;;;;Christopher Houghton;;Nehsi;;Legba;Neferu;Ororiouth ;;;Aabt kígyók;;;Tremere;Etrius;;;;;;;;;;;;;;;;;Goratrix;;;;;;;;;;;;;Meerlinda;;;;;;;;Calderon;;;;;;;;;;;;Grimgroth;;;;;Xavier de Cincao;;Lotharius;;
5. generáció;5-4. generáció;;;;;;;;;5. generáció;;;;;5. generáció;;;;5. generáció;;5. generáció;;;;;;5. generáció;5. generáció;;;5. generáció;;;5. generáció;;;;;;;;;5. generáció;;;;;5. generáció;;;;;;;;;;;5. generáció;;;;;5. generáció;;;;;5. generáció;;;;;;;;;5. generáció;;;5. generáció;;5. generáció;;;;5. generáció;;;;;;;;;;;;;;;;;5. generáció;;;;5. generáció;;;;;5. generáció;5. generáció;;;;;;;;;;;;;;;;;;;;;5. generáció;;;;5. generáció;;;;;;;5. generáció;;;5. generáció;;;;;;;;5. generáció;;5. generáció;5. generáció;5. generáció;5. generáció;;;5. generáció;5. generáció;;;5. generáció;5. generáció;;5. generáció;5. generáció;;5. generáció;5. generáció;5. generáció;;;5. generáció;;;;5. generáció;5. generáció;5. generáció;;;5. generáció;5. generáció;;5. generáció;;5. generáció;;;;;5. generáció;;;;5. generáció;;;5. generáció;5. generáció;5. generáció;;;;;;5. generáció;5. generáció;;;;5. generáció;;5-4. generáció;;;;;;;;;;;;;;;;;;;;5. generáció;;;;;;;;;;;;;;;;5. generáció;;;;;5. generáció;;;;;5. generáció;5. generáció;;;5. generáció;;;;;;;;5. generáció;;;;;;;;;5. generáció;;5. generáció;;5. generáció;;;;;;;5. generáció;;;;5. generáció;;;5. generáció;;5. geeráció;;;;;;5. generáció;;;5. generáció;;;;;;;;5. generáció;;;;;;5. generáció;;;;;;5. generáció;;;5. generáció;;;4. generáció;;;;;;;;;;;;;;;;;;;;;;;;;;;;;;;;;;;;;;;;;;;;;;;;;;;;;;;4. generáció;;;;;;;;;;;;;;;;;;;;;;;;;;;4. generáció;;;;;;;;;;;;;;;;;;;;;;;;;;;;;;;;;;5. generáció;;5. generáció;5. generáció;;;;5. generáció;;5. generáció;;;5. generáció;;;;;;5. generáció;;;5. generáció;;;;5. generáció;;5. generáció;;;;;5. generáció;5. generáció;5. generáció;5. generáció;;;5. generáció;;;5. generáció;;;;;5. generáció;;;;;;;;;;;;;;;;;;;;;5. generáció;;5. generáció;;;;;5. generáció;;;;;;;;;;;;;;;5. generáció;5. generáció;;;;5. generáció;;;;5-4. generáció;;;;;;;;;;;;;;;;;;;;;;;;5. generáció;;;;;;;;;;;;5. generáció;;;;;;5. generáció;;;5. generáció;5. generáció;;;;;;;;5. generáció;;;;;;;5. generáció;;;;;5. generáció;;;;;;;;;;;;;;;;;5. generáció;;;;;;;5. generáció;;;;;;;;;;;;;;;5. generáció;;5. generáció;;;;;;;5. generáció;;;;;5-4. generáció;;;5. generáció;;5. generáció;;;5. generáció;;;;;;5. generáció;;;;;5. generáció;;;;;;;;5. generáció;;;5. generáció;5. generáció;;;;;;;;;;;5. generáció;;;;;;;;;;;;;;;;;;;;;5. generáció;;;;;;;;;;;;;;;;;;;5. generáció;;;;;;;;;;5. geeráció;;;;;;;;;;5. generáció;;;;;;;5. generáció;;;;;;;;;;;;;;;;;;;;;5. generáció;;;;;;;;5. generáció;;;;;;;;;5. generáció;5. generáció;5. generáció;5. generáció;;;5. generáció;;;5. generáció;;;;;;;;;;;5. generáció;;;;;;;;;;;5. generáció;5. generáció;;;5. generáció;;5. generáció;;;;;5-4. generáció;;;;;;;;;;;;;;;;;;;;;;;;;;;;;;;;;;;;;;;;5. generáció;;;;;;;5. generáció;;;;;;;;;;;5. generáció;;;;5. generáció;;;;;;;;;;;;;;;;;5. generáció;;;;;5. generáció;;;;;;;;;;;5. generáció;;5. generáció;;;;;;;;;;;5. generáció;;5. generáció;;5. generáció;5. generáció;5. generáció;;;5. generáció;;;5-3. generáció;5-4. generáció;;;;;;;;;;;;;;;;;5-4. generáció;;;;;;;;;;;;;5-4. generáció;;;;;;;;5-4. generáció;;;;;;;;;;;;5. generáció;;;;;5. generáció;;5. generáció;;
Egyiptomi Ventruek;Gotsdam;Severus;Ishrafel;;;;;Summer Ventruek;;Francia Ventruek;Bartholomeo;;;;Rebekah;Stalest Coursain;;;Godefroy;;Evarchus;Gnaeus;Gaius Cassius;;;Z'avier S'ren;Olasz Ventruek;Camilla;Lyle;Római Ventruek;Római Ventruek;Barbarossa;;Cyrene-i Sára;;;Miguel de Aguerrila;;;Nathaniel van Hooves;;Johannes Castelein;Epirus;;;;Democritus;Tonuzoba (Tanis-Aba);;;;;;Bölcs Károly;;;;Örményországi Helena;Nicepherus;;;Ducas;;Jürgen von Verden;Heinz Eulau;Frazier;Hardestadt az Ifjú;;Rhiothamus;;Justania;;;;;;Eleanor d'Harcour;Doran;;;Aquitániai Odo;Saviarre grófn?;Francia Ventruek;Bruce de Guy;;;Mezopotámiai Ventruek;Bindusara;;;;;;;;;;Qadi Vardek;Marcus;;;;;Tiglah-Adad;Cyras Artraxis;;;Owain ap Ieuan;;Lucian Stewart;;;Gustav Mallenhous;Marcus Atilius Regulus;Árpádházi Bulcsú;;;;Lengyel Ventruek;Bohémiai Jadviga Almanov;;;;;;Árpádházi II. András;;;;;;;;;Olasz Ventruek;Szentszéki Ventruek;Baylor;;Gustav Bredenstein;;;;;;;Ea Adapa;Anushin-Rawan;Gregoria Rowlands;Nicholas;;Perzsa Ventruek;Datura;;;;;Genevieve;Nabur-Het;Hilel;Silas;Dokiel;Azrael;;;Baradiel;Karthágói Salubrik;Egyiptomi Salubrik;Afrikai Salubrik;;Orpheus;;Ahab, az Áruló;Generys;;Mytale / Petaniqua;Nidon, a Vak;Hortator / Tlazolteotl;;;Anaduk;;;Antonio de Figo;;;;;;;Oreniel al-Noor;;Nathaniel;;Mekharel;;;;Ambrogio Giovanni;Theophilis;Adam;;;Maria Asuncion;;;Lahmiák;;Morlock;Genina;Jorge de la Muerte;Reg Driscoll;Jack Dawson;;Bizánci Kappadókok;Nabateus Aretas;Kis-Ázsiai Kappadókok;Török Kappadókok;Thrákiai Amália;Orosz Kappadókok;Kazimirez, a Néma;Ignazo Giovanni;;;;;Andreas Giovanni;;;;;Pietro Giovanni;;;;;Giuseppe Giovanni;Marianna Giovanni;;;Pochtli;Trimeggian;;;;;;;Daguienne;;;Genevieve de Limoge;;;;;;Francia Malkaviták;Rosenkrantz;;Camilla Banes;;Carolina Bedelia;;;;;;Brovina;;Lord Theron;Francia Malkaviták;Damon;Jago atya / Lazarus;;;William Biltmore;;;Jákob-Ézsau;;;;Al Ussa;;;Levantei Malkaviták;Arab Malkaviták;Hyperion;Görög Malkaviták;Egyiptomi Malkaviták;Görög Malkaviták;Lasker;;;;;;;Görög Malkaviták;Achadramenos;;;Egyiptomi Malkaviták;Núbiai Malkaviták;Afrikai Malkaviták;Római Malkaviták;Fehér Liliom;Római Malkaviták;Spanyol Malkaviták;Octavio;;;;Római Malkaviták;Hadrianus;;Theophana;;;;Gregorius Dimites;;;;Finn Malkaviták;Balti Malkaviták;Odr, a Költ?;;;Morgana;Olasz Malkaviták;Alicia Barrows;;;;;Német Malkaviták;Lengyel Malkaviták;;Indiai Malkaviták;Vasantasena;;Critias;;;;;;;;;;;;;;;Samal;;;;;;;;;;;;;;;;;;;;;;;;;;;;;;;;;;;;;;;Tiszta Csermely;Altamira;;;;;;;;;;;;Osebo vérvonal;Fekete Holló;;;;;Adana de Sforza;;;;;;;;;Milkarnamash;;;;;Antonius Caracus;;;;;;;;;;;;;;;;;;;;;Ibn Alomar;;;;;;;Guilamme;Rathmonicus;Synesios;Fariq;Ismail;;;;Bajazet al-Nasir;;Shabah;;;Amaravati;;;;Talaq;;;;;Elijah Ahmed;;;Fatima al-Faqadi;Veradis;;Qusay ibn Namdar;;;;;Karif al-Numair;Tariq, a Néma;Hilel al-Masaari;Egyiptomi Lasombrák;;;Kánaánita Lasombrák;Levantei Lasombrák;Marcus;Berber Lasombrák;Omar;Abdullah;;;Pablo y Concerella;;;;;;Portugál Lasombrák;;;;;;;;;;;;;;;Ormisdas;;Normann Lasombrák;Leopold Valdemar;Olier Young;Francia Lasombrák;Amerikai Lasombrák;Bizánci Lasombrák;Balkáni Lasombrák;Elieser de Polanco;;;;Erasmo Casimiro Alonso de Cursio;;;;;;;;Francia Lasombrák;Bartholomew;Köln-i Anselm;;;;Donna Beatrice;Mexikói Lasombrák;Amerikai Lasombrák;;Görög Lasombrák;Lucius Aelius Sejanus;;;;;;;;;;;;;Constantinus;;;;;;;;;;Hidalgo;;;;;;;;;;Barber Gangrelek;Spanyol Gangrelek;Christopher;;;;;Fenton;Zayyat / Abu Shammal;;;;Arnulf, a Bestia;;;;;;;Perzsa Gangrelek;Hun Gangrelek;Csaba, a Táltos;;;;;;Zamhir;;Cigány Gangrelek;;;Brunhilde / Brynhild;;Thorhalla;;;;;Blaidd;;;Harbard;;;;;;;Milov Petrenkov;Dimitra;;;;;Viktor;Tintagel-i Rhun;;;;;;;;;Gareth;Geoffrey Leigh;;;Angus;Kelta Gangrelek;Sumer Gangrelek;Asszír Gangrelek;Kánaánita Gangrelek;Marie Feroux;;;;;;Ariadne;Balkáni Gangrelek;Levantei Gangrelek;;;Azték Gangrelek;Xotli, a Varangy;Mexikói Gangrelek;Feketetoll;;Sziú Gangrelek;;;Irokéz Gangrelek;Battista Decamerone;;;;;Beszédes Víz;;;;;Egyiptomi Gangrelek;Attius Sabinus;;;Római Gangrelek;Inyanga;;Mbogo Biashara;Zahil;;;Jelme, az Átkozott;Oderic;;;;;;;;;;;Gerard testvér;;Marienna;;;;;;;;;Alonso Cristo Petrodon de Seville;;;;;;;;;;Josef von Bauern;;;;;;;;;;;Mateusy Gryzbowsky;;Boronisk;;;Dondinni;;;Görög Nosferatuk;Kothar;;;;;;Rasalon;;;Varros Dominus;Blake;;;;Hel;;Bhallaire;;;Mazen;;;;Nirari;;Arab Nosferatuk;Khalid al-Rashid;;Vasili, a B?nbánó;;Thaddeus;;;;;;Yehuda;Tigranosz / Mester;;;;;;;;;;Római Nosferatuk;Zacchaeus;Hannibal;;;;;;Tribonius;Othelius;Violetta úrn?;Powell;;;;;;Sabanu;Sztyeppei Nosferatuk;Ellison Humbolt;;;;Római Toreadorok;Pascoe;;Darshuf;;Levantei Toreadorok;Wenceslas;;;;;;;;Római Toreadorok;Elonzo;;;;;;;;;;Barquat;Bizánci Toreadorok;Darian;;Bizánci Toreadorok;Theophano;Bizánci Toreadorok;Balkáni Toreadorok;Justinius;;;Eletria;;;Melinda Galbraith;;;;Maria;;;;;;;;;;;;;;;;;;;;;;;;;Fracois Villon;;;;;;;;Berber Toreadorok;Ghazlani;;;;Spanyol Toreadorok;Redondo de Vasquez;Normann Toreadorok;Alain de Laigle;;;;;Keresztes Toreadorok;Kilian;;;;Elsh / Zaaru-Heyan;Sophoniba;Nakshidil;;Görög Toreadorok;Olasz Toreadorok;Angol Toreadorok;Robert Gainesmill;;;;;;;;;Thomas Essex;;Oscar Wilde;;;Marcellus;;;;;Herodian;;Dravik gróf;;;;;Montecalme;;Holland Toreadorok;Amerikai Toreadorok;Spanyol Toreadorok;Amerikai Toreadorok;Adelard;;;Asvald, az Ács;Carel van der Driessche;;Amerikai Toreadorok;Audrie Guil;;;;Don Sebastian;Joaquin Murietta;Kay'tall;Jocalo;Ollam-Onga;Sobek;Nebseni;Ghede;;;;;;Mendacamina, a Vassz?z;;;;;;Celestyn;;;;Anastasia;;Filaereus;;Peter Spizzo;;;Epistatia, a Bitorlók Vadásza;;;Malgorzata;;;;Mario Reymundo Vasquez;;;Orlando Oriundus;;;Abetorius;;Geraint de Montfort;John Dee;John Diamond;Dulcis;Cornelius;;Shravael;Elaine de Calinot;;Stromburg;;;;;William Thorbecke;;Thomas Wycham;;Ulugh bég;Lord Casmir;;;;Khamir al Andalus;Tomas Marcello;Karl Schrekt;;
;5. generáció;5. generáció;5. generáció;;;;;;;;6. generáció;;;;6-5. generáció;6. generáció;;;6. generáció;;6. generáció;6. generáció;6. generáció;;;6. generáció;;6. generáció;6. generáció;;;6. generáció;;6. generáció;;;6. generáció;;;6. generáció;;6. generáció;6. generáció;;;;6. generáció;6. generáció;;;;;;6. generáció;;;;6. generáció;6. generáció;;;6. generáció;;6. generáció;6. generáció;6. generáció;6-5. generáció;;6. generáció;;6. generáció;;;;;;6. generáció;6. generáció;;;6. generáció;6. generáció;;6. generáció;;;;6. generáció;;;;;;;;;;6. generáció;6. generáció;;;;;6. generáció;6. generáció;;;6. generáció;;6. generáció;;;6. generáció;6. generáció;6. generáció;;;;;6. generáció;;;;;;6. generáció;;;;;;;;;;;6. generáció;;6-5. generáció;;;;;;;6. generáció;6. generáció;6. generáció;6. generáció;;;6. generáció;;;;;6. generáció;6. heneráció;6. generáció;6. generáció;6 .generáció;6. generáció;;;6. generáció;;;;;6 .generáció;;6. generáció;6 .generáció;;6. generáció;6. generáció;6. generáció;;;6. generáció;;;6. generáció;;;;;;;6. generáció;;6. generáció;;6. generáció;;;;6-5. generáció;6. generáció;6. generáció;;;6. generáció;;;;;6. generáció;6. generáció;6. generáció;6. generáció;6. generáció;;;6. generáció;;;6. generáció;;6. generáció;5. generáció;;;;;5. generáció;;;;;5. generáció;;;;;6. generáció;6. generáció;;;6. generáció;6 .generáció;;;;;;;6. generáció;;;6. generáció;;;;;;;6. generáció;;6. generáció;;6. generáció;;;;;;6. generáció;;6. generáció;;6. generáció;6. generáció;;;6. generáció;;;6. generáció;;;;6. generáció;;;;;6. generáció;;;;6. generáció;;;;;;;;6. generáció;;;;;;;6. generáció;;;6. generáció;;;;;6. generáció;;6. generáció;;;;6. generáció;;;;;;6. generáció;;;6. generáció;;6. generáció;;;;;;;;;6 .generáció;;5. generáció;;;;;;;;;;;;;;;5. generáció;;;;;;;;;;;;;;;;;;;;;;;;;;;;;;;;;;;;;;;5. generáció;5. generáció;;;;;;;;;;;;;5. generáció;;;;;5. generáció;;;;;;;;;5. generáció;;;;;5. generáció;;;;;;;;;;;;;;;;;;;;;5. generáció;;;;;;;5. generáció;6. generáció;6. generáció;6. generáció;6. generáció;;;;6. generáció;;6. generáció;;;6. generáció;;;;6 .generáció;;;;;6. generáció;;;6. generáció;6. generáció;;6. generáció;;;;;6. generáció;6-5. / 13. generáció;6. generáció;;;;;;6. generáció;;6. generáció;6. generáció;;;6. generáció;;;;;;;;;;;;;;;;;;;;;6. generáció;;;6. generáció;6. generáció;;;;;6. generáció;;;;6. generáció;;;;;;;;;6. generáció;6. generáció;;;;6. generáció;;;;;5. generáció;;;;;;;;;;;;;5. generáció;;;;;;;;;;6. generáció;;;;;;;;;;;;6. generáció;;;;;6. generáció;6. generáció;;;;6. generáció;;;;;;;;;6. generáció;;;;;;6. generáció;;;;;6. generáció;;6. generáció;;;;;6. generáció;;;6. generáció;;;;;;;6. generáció;6. generáció;;;;;6. generáció;6. generáció;;;;;;;;;6. generáció;6. generáció;;;6. generáció;;;;;6. generáció;;;;;;6. generáció;;;;;;5. generáció;;6. generáció;;;;;;6. generáció;;;;;6. generáció;;;;;;6. generáció;;;;6. generáció;;6. generáció;6. generáció;;;6. generáció;6. generáció;;;;;;;;;;;6. generáció;;6. generáció;;;;;;;;;6. generáció;;;;;;;;;;6. generáció;;;;;;;;;;;6. generáció;;6. generáció;;;6. generáció;;;;6. generáció;;;;;;6. generáció;;;6. generáció;6. generáció;;;;6. generáció;;6. generáció;;;6. generáció;;;;6. generáció;;;6. generáció;;6. generáció;;6. generáció;;;;;;6. generáció;6. generáció;;;;;;;;;;;6. generáció;6. generáció;;;;;;6. generáció;6. generáció;6. generáció;6. generáció;;;;;;6. generáció;;6. generáció;;;;;6. generáció;;6. generáció;;;6. generáció;;;;;;;;;6. generáció;;;;;;;;;;6. generáció;;6. generáció;;;6. generáció;;;6. generáció;;;5. generáció;;;5. generáció;;;;5. generáció;;;;;;;;;;;;;;;;;;;;;;;;;5. generáció;;;;;;;;;6. generáció;;;;;6. generáció;;6. generáció;;;;;;6. generáció;;;;6. generáció;6. generáció;6. generáció;;;;;6. generáció;;;;;;;;;6. generáció;;6. generáció;;;6. generáció;;;;;6. generáció;;6. generáció;;;;;6. generáció;;;;;;6. generáció;;;6. generáció;6. generáció;;;6. generáció;;;;6. generáció;6. generáció;6. generáció;6. generáció;6. generáció;6. generáció;6. generáció;6. generáció;;;;;;6. generáció;;;;;;6. generáció;;;;5. generáció;;5. generáció;;5. generáció;;;6. generáció;;;6. generáció;;;;5. generáció;;;5. generáció;;;5-4. generáció;;5. generáció;5. generáció;5. generáció;5. generáció;5. generáció;;5. generáció;5. generáció;;5. generáció;;;;;5. generáció;;5. generáció;;6. generáció;6. generáció;;;;6. generáció;6. generáció;6-5. generáció;;
;Dylan;Lucinde;Malachi Faruq;Mustafa;;Amon Ho-tepe / Hoteph;;;;;Olasz Ventruek;Gawain;Michaela;;Kánaánita Ventruek;Guillame de Tulede;Catherine von Hawthorne;;Skandináv Ventruek;Titus;Görög Ventruek;Junius;Lucius Trebius Rufus;;Római Ventruek;;;Római Ventruek;Amerikai Ventruek;;;Német Ventruek;;Skóciai Anguselus;Horatio Vallengard;Sabine Rothschilde;Sebastiao de Avis;Arturo San Gerande;Spanyol Ventruek;Holland Ventruek;Brazil Ventruek;Arjan Voorhies;Bizánci Ventruek;Marcus Vitel;Ashton;;Görög Ventruek;Árpádházi Zombor;;;;;;Skithos;Robert Kross;;;Örmény Ventruek;Theodora;;Orosz Ventruek;Anna Comnena;;Német Ventruek;Német Ventruek;Wittmann Antall;Német Ventruek;Jan Pieterzoon;Charlemagne;;Gilbert d'Harfleur;Anya Krylova;;;;Victoria Sinclair;Norman Ventruek;Philippe de Margaux;;Amerikai Ventruek;York-i Margit;Francia Ventruek;;Kanadai Ventruek;;;;Indiai Ventruek;Caius Marius;;;;Valerius;;;Marcellus Cicero;;Levantei Ventruek;Stephen von Dorn;Joseph Bar;Arthur Logan;Lord Kelvin;Robert Pedder;Asszír Ventruek;Perzsa Ventruek;Nicephrous Baalikratonis;;Kelta Ventruek;Amerikai Ventruek;Angol Ventruek;Skót Ventruek;Spanyol Ventruek;Skandináv Ventruek;Siegfried;Árpádházi Géza;;Áprádházi Gizella;Vencel Rikard;;báró Jan Hredel;Ladek Visnitz;;;;;gróf Mailáth Erzsébet;;;Zalay Mihály;Szebeni Miklós;;;;;;;Eleanor Hodge;dr. Joshua McCallister;Wilhelm Waldburg;;Katarina Kornfeld;;Köln-i Frigyes;Peter Kleist;;Summer Ventruek;;Upton Rowlands;Angol Ventruek;Abram;;Perzsa Ventruek;Mexikói Ventruek;Lodin;;;Wenceslaus;Kydos;Gabriel;Levantei Salubrik;Kadiel;Római Salubrik;Spanyol Salubrik;Francia Salubrik;Scatha;;;;;Achmet, az Álmodó;;;Hershel;Matthias;;Azanael;Delfoso;;Azték Baalik;Ma-Ri-Ah / Fekete Mária;K'thstl;Darak;Giotto Verducci;;;;;;;Amphiloctes;Gennadios;Kánaánita Salubrik;;Egothia;;;;Gillespi Giovanni;Görög Kappadókok;Levantei Kappadókok;Malakiah;;Francia Kappadókok;Angol Kappadókok;Karl Gregorj Pranek / Orpheus;;;Baroque;;Macoute;Amerikai Samedik;Vanda le Claire;;;Gelias;;;Burgundiai Boderick;;Lengyel Kappadókok;Lucretia Giovanni;;;Baldesar Rossellini;;Mario Giovanni;;;Lisandro Giovanni;;Madeleine Giovanni;Vincenzo Giovanni;;;;Markus Musa Giovanni;Lorenzo Giovanni;;Kenneth Stahl;Pisanob Hecstapolapiquatl;Lutz von Hohenzollern;Dr. Douglas Netchurch;;;;;;Francia Malkaviták;Navarrai Malkaviták;Pelinka;Lucia d'Avilla;;;;;Ringall;;Német Malkaviták;Skandináv Malkaviták;Albert;Német Malkaviták;Amerikai Malkaviták;Johann Weltmann;J. Benison Hodge;;;;Marge Kahn;Restewin;;;Aristotle de Laurent;Olasz Malkaviták;Lyra;Amerikai Malkaviták;Alex Silverson;Angol Malkaviták;Amerikai  Malkaviták;Jason;Yislei;;Kánaánita Malkaviták;Mahfuz;Hassan;Arab Malkaviták;;;;;;;Bryan;;;Maureen O'Leary;;;;;Aleister Crowley;;;;;;;;;;Magyar Malkaviták;Wittenbergi Péter;;Cseh Malkaviták;;Római Malkaviták;Olasz Malkaviták;Eriantha;Bizánci Malkaviták;Dusan;Orosz Malkaviták;Bizánci Malkaviták;Catherine;Jharkav;Balkáni Malkaviták;;;Freia;;Frigga;Kelta Malkaviták;;Német Malkaviták;Wilhelm Meyer;;Angol Malkaviták;Fitzgerald;;;;;;;Görög Brujahk;Procet;;Germaine gróf;Juan Berger;;;Damien;;;;Lorence;;;;Etheria;;;;;;Meridie de Chancie;;;;;Marchettus, a Bátor;Vörös Meg;Dominic;;;;;;;;;;;;;;;;;;;;;;;;;;Ragyogó ?z / Yarian;Spanyol Brujahk;Isabella Corelli;;;;;;;;;;Maxwell;;Bjorn Garrison;;Siegfried;Ilse Bänsh;;Savoya-i Guido;;;Constancia Vinti;Eleanor de Valois;;;;Amerikai Brujahk;Karthágói Brujahk;Afrikai Brujahk;Mezekht;Selina;;Római Brujahk;Tribonius;;;;;;;;;;;;;;;Maximarius;;Marcos;Caravelli;;Yoav;Azif;;Jabar;;;;Német Brujahk;Antonia Veradas;Krassimir;;Abin bin Haji;Karim;David Wendt;;Tamarind;;Arishima Hisato;Azita Hisami;Margaretha Geertruida Zelle;Quadir ul-Ghani;;;Sarah Schneier;Badr Alkhaiwani;Hedeyat al-Sair;;;;Anju;Thucimia;;;Kashan;;Habiba al-Sikkeen;;;;;Wilhelm d'Aver;Gabriel Chavez;Ahmal;;;;;;;;Arab Lasombrák;Arab Lasombrák;Marcos;Szulejmán;Spanyol Lasombrák;Julia;Francisco Domingo de Polonia;;;;;Juan Antonio Ramirez y Alvarez de Santiago;;;Aragóniai Lucita;Ibrahim;;;;Antonio Vallejo;;Keresztes Lasombrák;Amerikai Lasombrák;;;Pharnabazus;;;Angol Lasombrák;Angol Lasombrák;;;;;Spanyol Lasombrák;Massimiliano Alonzo Lopa de Reyes;;Latin-Amerikai Lasombrák;Spanyol Lasombrák;Mexikói Lasombrák;Isabelle;;;Basilio, az Öreg;Olasz Lasombrák;Holland Lasombrák;;Kiasydok;Barbelo;Talley;Nenna Palavin;Thomas Smith;Medina Sidonia;;;;;Lucius;Bizánci Lasombrák;Enrico;;;;Lucca-i Benito;;;;Claudius Eugenio;;Monica Black;Bizánci Lasombrák;Narses;;;;;;;;;Murcia;;;Spanyol Gangrelek;Odoin;;;;Portugál Gangrelek;Latin-Amerikai Gangrelek;;;Francia Gangrelek;Chauson;;Herve;Amerikai Gangrelek;Ausztrál Gangrelek;Perzsa Gangrelek;Arab Gangrelek;Török Gangrelek;;Nieplomice-i Jolán;;Wyecheslav Gerdal;;Balkáni Gangrelek;Mitru, a Vadász;;;;Magyar Gangrelek;Bese, a Kánya;;Erdélyi Gangrelek;Balkáni Gangrelek;Lúdvérc;Talos;;;;;Skandináv Gangrelek;Balti Gangrelek;Skandináv Gangrelek;Hakkon;;;;Ragnar Nordstorm;;;Német Gangrelek;Warfan, az Öreg Király;;Ralf Keller;Erik;;Soldat;Lengyel Gangrelek;Piotr;;;Ivana, a Fehér;Orosz Gangrelek;Orosz Gangrelek;Art Morgan;;;;Xavier de Calais;;Kelta Gangrelek;Angol Gangrelek;Amerikai Gangrelek;Tyrus;Beckett;Angol Gangrelek;Amerikai Gangrelek;Skót Gangrelek;;;;;Keresztes Gangrelek;Hectorous;Thomas Feroux;;;;Görög Gangrelek;;;;;;;;Kesely?;Cseroki Gangrelek;;;;;Keegan;;;Karibi Gangrelek;Amerikai Gangrelek;Irokéz Gangrelek;;;;;;Rufus;;;;Zulu Gangrelek;Doyle Fincher;;Eleanor d'Moren;;;Andák;Aajav, az Ifjú Farkas;;;;;;;;;;;Raymond testvér;;Virginia;Guy Buchain;Anna Magdalena;;Federico diPadua;;;;;Spanyol Nosferatuk;Carlos;Castillo;;Julio Martinez;;;;Cock Robin;Amerikai Nosferatuk;Trulnz-i Miléna;;;Elmer Polansky;Horace Slater;;;Francis Broderick;;;Német Nosferatuk;Lengyel Nosferatuk;Amerikai Nosferatuk;Orosz Nosferatuk;Petra;Parovich;Olasz Nosferatuk;Velencei Alberto;Christianus Lionel;;Ephraim;;;Okulos;Ghanat;;Levantei Nosferatuk;Perzsa Nosferatuk;Sradish;Francia Nosferatuk;Hugh de Ewloen;Terry Mullingham;;Angol Nosferatuk;Vika;;Aine;;;Arab Nosferatuk;Yacoub;;Török Nosferatuk;Shutatarra;;;Arab Nosferatuk;Amerikai Nosferatuk;Bizánci Nosferatuk;Malachite/Malaki;Bizánci Nosferatuk;Argus Theophilides;Orosz Nosferatuk;Alexander Danov;;;Josef Zvi;Indiai Nosferatuk;Örmény Nosferatuk;Balkáni Nosferatuk;Jacob Durgal;Rabbi;;;;;;;Sínai Mihail;Kartágói Nosferatuk;Aurelius;;;Zelios;;Cloalca úrn?;;Mnemach úrn?;Warwick;;;;;;Rabbat;;;;;;;Olasz Toreadorok;Lianna;Mannal;Levantei Toreadorok;;Lengyel Toreadorok;Mariwa;;Balti Toreadorok;Mikhail Lermontov;Szergej Jeszenyin;;Orosz Toreadorok;;Olasz Toreadorok;Timón mester;;;Versanica;;;Masdela;;;;;Enasius;;;Montpellier Katalin;;;Belgrádi Marcos;;;Görög Toreadorok;Simon;Latin-Amerikai Toreadorok;Francia Toreadorok;Mexikói Toreadorok;Lady Melisandre;Rosa Martinez;Francia Toreadorok;Bernard;;;;Isabella;Oliver;;;;;;Annabelle Triabelle;;;;;;;;;;;;;Violetta;;;Calabris;Renata di Medici;;;;;Abd al-Haqq;;Levantei Toreadorok;Arab Toreadorok;;;;Talios;Ranulph;;;;;Skót Toreadorok;;;;Kánaánita  Toreadorok;Levantei  Toreadorok;Török Toreadorok;;;;;Edward Williams;;;;;;;;Angol Toreadorok;Angol Toreadorok;Hong Kong-i Toreadorok;Roger Pathon;Amerikai Toreadorok;;Ionna;Egyiptomi Toreadorok;;;;Samuel atya;Dominic Atter;Jean-Marc d'Harfleur;;;Enrico Arvador;Portugál Toreadorok;Dona Lupa Manrique;;;;;;Német Toreadorok;Olasz Toreadorok;Bázeli Günther;Skandináv Toreadorok;Hausen;Belga Toreadorok;;d'Adhemar grófn?;Margaret d'Hautmont;;Michael Unther;Victor Girard;;;;;;;;;;;;;Mirablis;Bourdona;;;Ernst Ferdinand von Herberstein;;Ardan Lane;;Gabrielle di Righetti;Augustine d'Erlette;Orpheus;Abigail;Ala;Peter Schloss;Maria Haige;Astio Giavetti;;Paul Cordwood, a Kém;Brunavog;Valerius Maior;Jervais;Fekete Jázmin;;Itera;Therimna, a Hóhér;;;Johann Kaspar;;Simon Augustyn;Kathleen;Johann Klöpfer;Jean Baptiste Morin;;Abraham Powell;Mendel;Ignatus;Mesita;Fanchon d'Aquitane;Arnod;;Nicolai Antonescu;;;;;Lille Haake;;Oliver Thrace;;Victorio Feroza;Terrell Harding;;;;Athosides;Edward Sinclair;Gerhard Kapen;Maxwell Ldescu;
;6. generáció;6. generáció;6. generáció;6. generáció;;6. generáció;;;;;;7. generáció;7. generáció;;;7. generáció;7. generáció;;;7. generáció;;7. generáció;7. generáció;;;;;;;;;;;7. generáció;7. generáció;7. generáció;7. generáció;7. generáció;;;;7. generáció;;7. generáció;7. generáció;;;7. generáció;;;;;;7. generáció;7. generáció;;;;7. generáció;;;7. generáció;;;;7. generáció;;7. generáció;7. generáció;;7. generáció;7. generáció;;;;7. generáció;;7. generáció;;;7. generáció;;;;;;;;7. generáció;;;;7. generáció;;;7-6. generáció;;;7. generáció;7. generáció;7. generáció;7. generáció;7. generáció;;;7. generáció;;;;;;;;7-6. generáció;7. generáció;;7. generáció;7. generáció;;7. generáció;7. generáció;;;;;7. generáció;;;7. generáció;7. generáció;;;;;;;7. generáció;7. generáció;6. generáció;;6. generáció;;6. generáció;6. generáció;;;;7. generáció;;7. generáció;;;;7. generáció;;;7. generáció;7. generáció;7. generáció;;7. generáció;;;;7. generáció;;;;;7. generáció;;;7. generáció;7. generáció;;7. generáció;7. generáció;;;7. generáció;7 .generácó;7. generáció;7. generáció;;;;;;;7. generáció;7. generáció;;;7. generáció;;;;6. generáció;;;7. generáció;;;;7. generáció;;;7. generáció;;7. generáció;;7. generáció;;;7. generáció;;;7. generáció;;;6. generáció;;;6. generáció;;6. generáció;;;6. generáció;;6. generáció;6. generáció;;;;7. generáció;7. generáció;;7. generáció;7. generáció;7. generáció;7. generáció;;;;;;;;7. generáció;7. generáció;;;;;7. generáció;;;;7. generáció;;;7. generáció;7. generáció;;;;7. generáció;7. generáció;;;7. generáció;;7. generáció;;7. generáció;;;7. generáció;7. generáció;;;7. generáció;7. generáció;;;;;;;;7. generáció;;;7. generáció;;;;;7-6. generáció;;;;;;;;;;;7. generáció;;;;;;7. generáció;;7. generáció;;;7. generáció;7. generáció;;;;7. generáció;;7. generáció;;;;7. generáció;;;7. generáció;;;;;;;;6. generáció;;6. generáció;6. generáció;;;6. generáció;;;;6. generáció;;;;6. generáció;;;;;;6. generáció;;;;;6. generáció;6. generáció;6. generáció;;;;;;;;;;;;;;;;;;;;;;;;;;6. generáció;;6. generáció;;;;;;;;;;6. generáció;;6. generáció;;6. generáció;6. generáció;;6. generáció;;;6. generáció;6. generáció;;;;;;;6. generáció;6-5. generáció;;;6. generáció;;;;;;;;;;;;;;;6. generáció;;6. generáció;6. generáció;;6. generáció;6. generáció;;6. generáció;;;;;7. generáció;7. generáció;;7. generáció;7. generáció;7. generáció;;7. generáció;;7. generáció;7. generáció;7. generáció;7. generáció;;;7. generáció;7. generáció;7. generáció;;;;7. generáció;7. generáció;;;7. generáció;;7. generáció;;;;;7. generáció;7. generáció;7. generáció;;;;;;;;;;7. generáció;7. generáció;;7. generáció;7. generáció;;;;;7. generáció;;;7. generáció;7. generáció;;;;7. generáció;;;;;;7. generáció;;;;;;;;;;7. generáció;;;;;7. generáció;;;7. generáció;;;;;7. generáció;7. generáció;7. generáció;7. generáció;7. generáció;;;;;6. generáció;;6. generáció;;;;6. generáció;;;;6. generáció;;6. generáció;;6. generáció;;;;;;;;;7. generáció;;;;7. generáció;;;;;;;;;7. generáció;;7. generáció;;;;;;;7. generáció;;7. generáció;;;7. generáció;;;;;7. generáció;;;;7. generáció;7. generáció;;;;;;;;7. generáció;;;;7. generáció;;;;7. generáció;;7. generáció;7. generáció;;7. generáció;;7. generáció;;;7. generáció;;;7. generáció;;;;7. generáció;;;;;7. generáció;7. generáció;;;;;;;;;7. generáció;7. generáció;;;;;;;;;;;;7. generáció;;;;;;7. generáció;;;;;;;;;;;7. generáció;;;;;7. generáció;;7. generáció;;;;7. generáció;;;;;;;;;;;7. generáció;;7. generáció;7. generáció;7. generáció;;7. generáció;;;;;;7. generáció;7. genercáió;;7-6 .generáció;;;;7. generáció;;7. generáció;;;7. generáció;7. generáció;;;7. generáció;;;;;;;7. generáció;7. generáció;;7.generáció;7. generáció;;7. generáció;;;7. generáció;7. generáció;;;;7. generáció;;7. generáció;7. generáció;;;7. generáció;;7. generáció;;;;7. generáció;;;7. generáció;;;;;;7. generáció;;7. generáció;;7. generáció;;;7. generáció;;;;7. generáció;7. generáció;;;;;;;7. generáció;;7. generáció;;;7. generáció;;7. generáció;;7. generáció;7. generáció;;;;;;7. generáció;;;;;;;;7. generáció;7. generáció;;;;7. generáció;;;7. generáció;7. generáció;;;;;7. generáció;;;7. generáció;;;7. generáció;;;;;7. generáció;;;7. generáció;;;7. generáció;;;;6. generáció;;;;6. generáció;6. generáció;;6. generáció;;;;6. generáció;6. generáció;;;;;;6. generáció;;;;;;;;;;;;;6. generáció;;;6. generáció;6. generáció;;;;;7. generáció;;;;;;;7. generáció;7. generáció;;;;;;;;;;;;;;;;7. generáció;;;;;;;;;;;7. generáció;;;7. generáció;;;;;7. generáció;7. generáció;7. generáció;;;7. generáció;;7. generáció;;;;;;;;7. generáció;;7. generáció;;;7. generáció;7-6. generáció;;7. generáció;7. generáció;;;;;;;;;;;;;7. generáció;7. generáció;;;7. generáció;;7. generáció;;7. generáció;7. generáció;6. generáció;6. generáció;6. generáció;6. generáció;6. generáció;6. generáció;;7. generáció;7. generáció;7. generáció;7. generáció;7. generáció;;7. generáció;6. generáció;;;6. generáció;;6. generáció;6. generáció;5. generáció;6. generáció;;6. generáció;6. generáció;6. generáció;6. generáció;6. generáció;6. generáció;;6. generáció;;;;;6. generáció;;6. generáció;;7. generáció;7. generáció;;;;7. generáció;7. generáció;7. generáció;7. generáció;
;;;;Abdul Rahman;Török Ventruek;Egyiptomi Ventruek;Angol Ventruek;;;;;Kelta Ventruek;Tabitha Bauer;;;Francia Ventruek;Német Ventruek;Angol Ventruek;;Dominique;;Spanyol Ventruek;Province-i Leucruy;Marseilles-i Vicelin;;;;;;;;;;Skót Ventruek;Kyle Strathcona;Deutsch Ábrahám;Portugál Ventruek;Gyarmati Ventruek;;;;Holland Ventruek;;;Angol Ventruek;Egyiptomi Ventruek;;Petronilla;;Árpádházi IV. Kun László;;;Albrecht Tivadar;Keresztes Ventruek;Juan-Miguel Ramirez;Német Ventruek;Amerikai Ventruek;;Thesszaloniki Basil;;;Irene Stellas;;;;;;Holland Ventruek;Benedict;Francia Ventruek;Francia Ventruek;Nikolai;;;Balti Ventruek;Angol Ventruek;;Enguerrand;Ogier Fouinon;;Angol Ventruek;;;;;;;;Hrothulf;;;Gracis Nostinus;Anne Bowsley;;Cyril Masters;Olasz Ventruek;Amerikai Ventruek;;Német Ventruek;Német Ventruek;Angol Ventruek;Angol Ventruek;Yong-Sung Chang;;;Perzsa Ventruek;Görög Ventruek;;;;;;;Amerikai Ventruek;Levente;;Váry El?d (Gustavus);;;gróf Rudolf Brandl;Cseh Ventruek;Alexandr Sre?ik;;;;gróf Mailáth Gergely;;gróf Mailáth Erzsébet Anna;gróf Grecsey Jen?;Istvánffy Márton;gróf Nádasdy László;;;;;;Benjamin;;Henriette;Német Ventruek;Német Ventruek;Francia Ventruek;Német Ventruek;Német Ventruek;Amerikai Ventruek;;;Amerikai Ventruek;;Tennant Usher;;;;Skandináv Ventruek;Amerikai Ventruek;Horatio Ballard;Pazia;Neberoth;Philipus-i Althea;;Esharel;;;;Keresztes Salubrik;;;;;Aisha bint Wahiba;"Török Salubrik (""Látnok"" vérvonal)";;Német Salubrik;Marius;;Al-Harim;Don Benedict;Domingo;;;Sargon;Elihu;;;;;;;;Görög Salubrik;Perzsa Salubrik;;;Agaitas;;Anisa Marianna Lopez;;;;;Jervais testvér;;;;;;;Karibi Samedik;;Brigitte;;George Frederick;;;Khayrat;;;Keresztes Kappadókok;;;Giorgio Giovanni;;;Vance Rosellini;Rosaura Rosellini;Luisa Calabria;;Afrikai Ghibertik;Isabel Giovanni;Giancarlo Giovanni;Rafael Giovanni;Francesco Giovanni;;;;Török Giovannik;Andreas Giovanni;;John Dunshirn;Közép-Amerikai Pisanobok;Maris Streck;Dr. Nancy Reage;Angol Malkaviták;Madame La Veel;Tobin van Tuys;Holland Malkaviták;Amerikai Malkaviták;;;Francia Malkaviták;Spanyol Malkaviták;Rufino Olevarez;;;Holland Malkaviták;Konrad;;;;;;;;Roger Greene;Nathan Skarvan;Amerikai Malkaviták;;;Uriah Travers;;;;;Alessio Rinaldi;;Charity Caize;;;;Adorjai;;;Alam;Hassan abu Khalid;;;;;;;;Bronwyn;;Skót Malkaviták;Jason Newberry;;Paula Smith;Ben Smith;;Henry Jeckyll / Edward Hyde;;;;;;;;;;;Arnold;;;;;;Görög Malkaviták;;Dimitri;;;Orosz Malkaviták;Orosz Malkaviták;;;;Olaf Petersen;Skandináv Malkaviták;Skandináv Malkaviták;;;;Theresa Schlaud;;;Agaricus;;;;;;;;Spanyol Brujahk;Amerikai Brujahk;Német Brujahk;Jaroslav Pascek;Német Brujahk;Lengyel Brujahk;Lladislas;Ian Corso;Friedrich Kraus;Német Brujahk;Edward, a Fekete Herceg;;;;Boniface;Véronique d'Orléans;;Alexis Blanc;;;Francia Brujahk;Corrie Tinbergen;Marcel de Breau;;;Olasz Brujahk;Leslie Taylor;Angol Brujahk;Elekes;Botond;;;;;;;;;;Robin Leeland;;;;;;;James, a Vörös;;;;Verias;;George Robinson;Irokéz Brujahk;;Spanyol Brujahk;Simon de Cosa;;;;;Santiago de Soto;Dieter Kotlar;;;Amerikai Brujahk;;Skandináv Brujahk;Amerikai Brujahk;Andrei;Villásszakállú Halfdan;Stefan Rutigar;Olasz Brujahk;Thomas Tallner;Bruno Greshwit;Andrea Fiorentina;Montfrey de Lyonnesse;Gavriel de Bougniac;Keresztes Brujahk;Francia Brujahk;;;;Khentik-Khert;Roman Pendragon;;;Theophilus;Dorotheus;Marhel;;;;;;Dmitra Iljanova;;;Natalja Szvjatoszlava;;;Bizánci Brujahk;Lilika Kairos;;Olasz Brujahk;Olasz Brujahk;Antonio Barbaretti;Gerushah;Yusuf;Jared;Usama;;;Török Brujahk;;;Tomas Dursan;;Mustapha abd-Fiil;Sukainah;Dimitri Borodin;Kasparas Sikhorsky;Fikriyya al-Jurr;Karim;;;;Hazrad Aqim Alaq;Kurush Ishraqi;;;Jayakar Dristi Boparai;Parmenides;;;;Hafsa;Aurora White;;;Michael diCarlo;Djuhah;Anastasius, a Fejsze;;;Enrique Salazar;Rashid ibn Musafir;Ma'aruf;;Husayn al Fatin;;;;;;;;;;Bard;Török Lasombrák;;;Spanyol Lasombrák;Mexikói Lasombrák;Laitn-Amerikai Lasombrák;Amerikai Lasombrák;;Listeta Iluminada;Armando Mendes;Carolina Valez;Spanyol Lasombrák;Tarantine;;Arab Lasombrák;Spanyol Lasombrák;Hendrick Van Dyck;Spanyol Lasombrák;;;;;Mania;;;;;;;;;;Latin-Amerikai Lasombrák;Közép-Amerikai Lasombrák;;;;Genovai Gabrielle;Berengári Felice;Desiree Traville;Balkáni Lasombrák;;;;;Német Lasombrák;Német Lasombrák;;Angol Lasombrák;;;;;;Római Lasombrák;;Paliuro Rustucci;;;Olasz Lasombrák;Anicius;Panfilo, a Kegyetlen;Giangaleazzo;Olasz Lasombrák;Montrovant;;Cythia Black;;Bizánci Lasombrák;Ectoris;;Parrichus;Velencei Alfonzo;;Magdalena Castellucci Borcellino;;;Ahrimánok;Karen Anotos;;;Al-Wali;Wah'Sheen;;Keresztes Gangrelek;;;;;;Marc testvér;Burgundi Agatha;Francia Gangrelek;;;;;;;Lengyel Gangrelek;Cseh Gangrelek;Szörtsey Aurél;Thomas Müller;;Wulfar;Erdélyi Gangrelek;;;;Kürthy István;;;;Márffy Lajos;Amerikai Gangrelek;Harry Reese;;;;;;;Fenrir;;;Skandináv Gangrelek;Skandináv Gangrelek;Amerikai Gangrelek;Pierre Beauvais;;Heina, a Banya;;Daryl Lutz;Német Gangrelek;Amerikai Gangrelek;Henri;;Illyana;Tenyana, az Árny;Tatiana;;;;Angol Gangrelek;Francia Gangrelek;Alicia McGreb;Janey Pickman;Normann Gangrelek;Francia Gangrelek;;;;Ramrod / Randy Zelley;;;;;;;;;;Verpus;Sebastian Goulet;;Rachel;Bizánci Gangrelek;;;;;;;;;Joaquim;;;;;;Anthius;;Lauren Duncan;;;;;;;;;Lucian;;Spanyol Gangrelek;;;Rosa Hernandez;;Kristana;;;;Qarakh;;;;;;;;;;;Német Nosferatuk;Francia Nosferatuk;Nathaniel Bordruff;Francia Nosferatuk;Francia Nosferatuk;Gustaphe Brunnelle;Olasz Nosferatuk;Norah;;;Amerikai Nosferatuk;;Spanyol Nosferatuk;Madridi Armando;Spanyol Nosferatuk;Mexikói Nosferatuk;Jose Maria Furio;;Dél-Amerikai Nosferatuk;Amerikai Nosferatuk;;Cseh Nosferatuk;Vaclav Petalengro;Amerikai Nosferatuk;Lengyel Nosferatuk;Philistine;Tomlynn Sinclair;Clive Cooper;Cranston;Nathan-Arlen;;;;;;Jara Drory;Amerikai Nosferatuk;;Gaius Orsini;;;Kánaánita Nosferatuk;Hannah;;;Echo;;;;Xerxes;;Oliver, a Fekete;Colchester;Schreck;;Skandináv Nosferatuk;Osric;Kelta Nosferatuk;Skót Nosferatuk;Wid;;Moussa;;;Asszír Nosferatuk;Samsi;;;;;A Hármak;;Thelonius;;Darvlanov;Szergej;Orosz Nosferatuk;Cseh Nosferatuk;;;;Albreich;Janus Pannonius;;Marusca;;Annabel;Lengyel Nosferatuk;;;;Augustin;;;Földmélyi Herceg;Donatello;;;;Lawrence Meeks;;;Dowager;Kurt Densch;;;;;;;;;;Alyana;;;;;Karol Wyel;;;;Vaszilij Petrovics Dragan;;;;;Magyar Toreadorok;Széphalmi András;Temesváry Júlia;Sevacora;Antonio Vincenzo Gabretti;Audric St. Thierry;Ambrose Bierce;;Olasz Toreadorok;;;Gallasyn;Suzanne Kadim;;Francia Toreadorok;;;Balkáni Toreadorok;Latin-Amerikai Toreadorok;;;;;;;;;;d'Eglantine lovag;Jean Florent;;;Jacques d'Chivaries;Jacques;;;;Lorena;Arianne;Accou;;;Elsa Linden;Modius;;Tarmonay;;Sharon Payne;Sophia Ayes;Bret Stryker;;Deacon;Montacalme;Juliette Dulai;;Rati;Olasz Toreadorok;Andrea Foscari;;;;Shamit ibn Yasi;Sakan;;;;;;Natasha;Angol Toreadorok;William Grey;Vitoria Ash;Francia Toreadorok;;;;;;;;;;;;;Leslie Boothe;Karen Nauve;Marlene;;;;Lyndsay Anwer;Samuel Travis;;;;Bethany;;;;;;;;;;Francia Toreadorok;Lyon-i Fülöp;;;;Spanyol Toreadorok;Silvia Zaver;;;;;;;Jäger;;Lucina;;;Francia Toreadorok;Sebastian Sands;Vidal Jarbeaux;Kanadai Toreadorok;;;;;;;;;;;;;;Donal;Randeux;;Carna;Alexander Kremer;Elise von Savoyen;Claas Drescher;Kerjén Pelbárt;Jacques le Quarte;Alix de Chantraine;Friderich von Mannstein;Hannah;Mishka;;Zachariah Slane;Antonio Calbullarshi;;Hargau;Vristania, az Anya;;Baladin;Saiz;Nicholai;;Locus;Harold Jagen;Roman;John Reiss;Jacob;Peter Dorfman;Aspheron;;Mahalia Romano;;;;Andre Mallotte;Dr. Mortius;Marius Drake;Johanna von Neumann;;Tracy Graves;Jakob Böhme;Abraham DuSable;;;Aidan Lyle;;Wan Hzu;;Wilhelm von Stammler;Sean Reynolds;Madelaine Coventry;Jack Weston;;;Cyrano;Ian Carfax;Julia Sanderson;Heinrich Himmler
;;;;7. generáció;;;;;;;;;8. generáció;;;;;;;8. generáció;;;8. generáció;8. generáció;;;;;;;;;;;8. generáció;8. generáció;;;;;;;;;;;;8. generáció;;8-7. generáció;;;8. generáció;;8. generáció;;;;8. generáció;;;8. generáció;;;;;;;8. generáció;;;8. generáció;;;;;;8. generáció;8. generáció;;;;;;;;;;8-7. generáció;;;8. generáció;8-6. generáció;;8. generáció;;;;;;;;8. generáció;;;;;;;;;;;;8. generáció;;8. generáció;;;8. generáció;;8. generáció;;;;8. generáció;;8. generáció;8. generáció;8. generáció;8. generáció;;;;;;8. generáció;;7. generáció;;;;;;;;;;;8. generáció;;;;;;8. generáció;8. generáció;8. generáció;8. generáció;;8. generáció;;;;;;;;;8. generáció;;;;8. generáció;;8. generáció;8. generáció;8. generáció;;;8. generáció;8. generáció;;;;;;;;;;;;8. generáció;;8. generáció;;;;;8. generáció;;;;;;;;;8. generáció;;8. generáció;;;8. generáció;;;;;;7. generáció;;;7. generáció;7. generáció;7. generáció;;;7. generáció;7. generáció;7. generáció;7. generáció;;;;;8. generáció;;8. generáció;;8. generáció;8. generáció;;8. generáció;8. generáció;;;;;;;8. generáció;;;;8. generáció;;;;;;;;8. generáció;8. generáció;;;;8. generáció;;;;;8. generáció;;8. generáció;;;;8. generáció;;;8. generáció;8. generáció;;;;;;;;8. generáció;;;8. generáció;;8. generáció;8. generáció;;7. generáció;;;;;;;;;;;8. generáció;;;;;;;;8-4. generáció;;;;;;;;8. generáció;;;;;;8. generáció;;;8. generáció;;;;;;;;;;;7. generáció;;;7. generáció;7. generáció;7. generáció;;7. generáció;;;;7. generáció;7. generáció;;7. generáció;;;;7. generáció;7. generáció;;;;7. generáció;;7. generáció;7. generáció;;;;;;;;;;7. generáció;;;;;;;7. generáció;;;;7. generáció;;7. generáció;;;;7. generáció;;;;;7. generáció;7. generáció;;;;;;;7. generáció;7. generáció;7. generáció;;7. generáció;7. generáció;7. generáció;7. generáció;7. generáció;;;;;;7. generáció;6. generáció;;;7. generáció;7. generáció;7. generáció;;;;;;7. generáció;;;7. generáció;;;;7. generáció;;;;7. generáció;7. generáció;7. generáció;7. generáció;7. generáció;;;;;;8.generáció;;8. generáció;8. generáció;8. generáció;8. generáció;8. generáció;8. generáció;;;;8. generáció;8. generáció;;;8. generáció;8. generáció;;;;8. generáció;8. generáció;;;8. generáció;8. generáció;8. generáció;;;8. generáció;8. generáció;8. generáció;;8. generáció;;;;;;;;;;8. generáció;;;;;;;;;8. generáció;8. generáció;8. generáció;;8. generáció;;;;8. generáció;;;;;;8. generáció;;;;;;;;;;;;;;;8. generáció;8. generáció;8. generáció;;;;;;;;;;;;;;;;;7. generáció;;;;7. generáció;7. generáció;7. generáció;;7. generáció;;7. generáció;;;7. generáció;;7. generáció;7. generáció;;7. generáció;;;;8. generáció;;;8. generáció;8. generáció;;;;;;;;8. generáció;8. generáció;;;;;;;;;;8. generáció;8. generáció;;8. generáció;;;;;8. generáció;;;;8. generáció;;8. generáció;;;;;;;8. generáció;;;;;;8. generáció;;8. generáció;;8. generáció;;;8. generáció;;8. generáció;8. generáció;8. generáció;;;;;;8. generáció;8. generáció;;;;;;8. generáció;;;;;;;;;;8. generáció;8-7. generáció;;8. generáció;;;;;;;;;;8. generáció;;;;;;8. generáció;;8. generáció;;;;;;;;;8. generáció;;;;;8. generáció;;8. generáció;;;;8-7. generáció;;;;;;;;;;;;;8. generáció;;;8. generáció;;8. generáció;;;;;;8. generáció;;;7. generáció;;;;;;8. genercáió;;;8. generáció;8. generáció;8. generáció;8. generáció;8. generáció;;;;;;8. generáció;;;8. generáció;;;;8. generáció;;;8. generáció;;;;8. generáció;;8. generáció;8. generáció;8. generáció;;;8. generáció;;;8. generáció;;8. generáció;;;;8. generáció;;;;;8. generáció;;8. generáció;;8. generáció;8. generáció;;;;;;8. generáció;8. generárció;;8. generáció;;8. generáció;;;;;8. generáció;;;8. generáció;8. generáció;;;;8. generáció;;;8. generáció;8-7. generáció;;;;;;;;;;8. generáció;;;;;8. generáció;;;;8. generáció;;;;;;8. generáció;8. generáció;8. generáció;8. generáció;8. generáció;8. generáció;;;;;8. generáció;8. generáció;;;;;;;;;;;;;;;;7. generáció;7. generáció;;;7. generáció;7. generáció;;;;7. generáció;7. generáció;7. generáció;;;7. generáció;7. generáció;;7. generáció;;7. generáció;7. generáció;7. generáció;;7. generáció;7. generáció;7. generáció;;7. generáció;;7. generáció;;;;8. generáció;8. generáció;;;;;;8. generáció;;8. generáció;8. generáció;;;;;;;;;;;;;;8. generáció;8. generáció;8. generáció;;;;8. generáció;8. generáció;;;;8. generáció;;;;;;;;;;;8. generáció;;;;;8. generáció;;;;;;;8. generáció;;8. generáció;;;;8. generáció;7. generáció;;;;;;;;;;;;;;;8. generáció;8. generáció;;8. generáció;8. generáció;8. generáció;8. generáció;8. generáció;8. generáció;8. generáció;7. generáció;7. generáció;7. generáció;;7. generáció;7. generáció;;8. generáció;8. generáció;;8. generáció;8. generáció;8. generáció;;7. generáció;7. generáció;7. generáció;7. generáció;7. generáció;7. generáció;7. generáció;;7. generáció;;;;7. generáció;7. generáció;7. generáció;7. generáció;;7. generáció;7. generáció;7. generáció;;;7. generáció;;7. generáció;;8. generáció;8. generáció;8. generáció;8. generáció;;;8. generáció;8. generáció;8. generáció;8. generáció
;;;;Shayke Muhammad;;;;;;;;;;;;;;;;;;;Keresztes Ventruek;Keresztes Ventruek;;;;;;;;;;;Kanadia Ventruek;Deutsch-Hatvany Janka;;;;;;;;;;;;Temesvári János;Szabina;Tomori Pál;;báró Aba Tamás;Szendi-Literáti Anna;;Spanyol Ventruek;;;;Bizánci Ventruek;Balkáni Ventruek;;Damiano Alvizio;Bizánci Ventruek;;;;;;Amerikai Ventruek;;;Orosz Ventruek;Piotr;;;;;;Francia Ventruek;;;;;;;;;;Chiclena;Skandináv Ventruek;Amerikai Ventruek;;Angol Ventruek;Amerikai Ventruek;Angol Ventruek;;;;;;;;Hong Kong-i Ventruek;;;;;;;;;;;;Szilágyi Mihály;gróf Pálffy Aurél Zoltán;Váry Alexander;;;Cseh Ventruek;;Késmárky Zsófia;Hanna Marek;Lukas Ziman;Emilia Clark;gróf Pallavichini Endre;gróf Teleki Alíz;báró Jaksich Gábor;;;Izabella;Klauzál Gábor;Solymossy Eliza;;;;;;Német Ventruek;;;;;;;;;;;Ausztráliai Ventruek;;;;;;Alan Sovereign;Bizánci Salubrik;Adonai;Yael;;Bahjat;;;;;;;;;Arab Salubrik;;;;Angol Salubrik;;Ansen;;;;;;;;;;;;;;;;;;Kis-Ázsiai Kappadókok;Római Kappadókok;Spanyol Kappadókok;Német Kappadókok;;;;Garinol;;;;;;;;;Mexikói Samedik;;Lithrac;;;Ishaq;;;;;;Carmina Giovanni;;Genevra Giovanni;Olasz Rosellinik;Olasz Rosellinik;Olasz Giovannik;Latin-Amerikai Hidalgok;;;Enzo Giovanni;Francia Giovannik;Julietta Putanesca;;Lupo Giovanni;;;Michael Antonio Giovanni;Angol St. Johnok;Skót Dunshirnok;;;;;Adam;Jason Priestly;;;;;;;Emmanuel Moncrief;;Mexikói Malkaviták;;;;;;;;;;;Quentin King III;;;;;;;;;Olasz Malkaviták;;;;;;Jeannette d'Avignon;Pierre l'Imbecile;;;Al-Hakim;;;;;;;;Corbin;Jeremy Johnes;;Evan Klein;Lateland;;;;Német Malkaviták;Herman Göring;Oswald White;;;;;;;;;Karáth Regina;Ladányi Patrik;;;;;;;Killikillarven;;;;;;;;Amerikai Malkaviták;;;;;;Heinrich Gotthard von Treitschke;;;Ausztrál Malkaviták;;;;;;;;;;;Lengyel Brujahk;;;Magyar Brujahk;;Német Brujahk;;Skót Brujahk;Akawa;;;Francia Brujahk;Francia Brujahk;Macau-i Brujahk;Holland Brujahk;Thomas Ewell;;;Luxemburgi Brujahk;Francia Brujahk;Kanadai Brujahk;Jeremy Skelton;;Ausztrál Brujahk;;;Magyar Brujahk;Thúry György;;;;;;;;Havasi Zsolt;Tyler, a Lázadó;;;Geist;;Angol Brujahk;General;Skót Brujahk;Angol Brujahk;Jeremy MacNeil;;Lady Karin;Lord Randall;Hong Kong-i Brujahk;;;;Spanyol Brujahk;Don Cerro;Antonio Vardenas;Mexikói Brujahk;Amerikai Brujahk;Mexikói Brujahk;Erika Geiger;Holland Brujahk;Német Brujahk;;;;;Orosz Brujahk;Skandináv Brujahk;Balti Brujahk;;Német Brujahk;Cseh Brujahk;;;;;;;;;Kathágói Brujahk;Isaac;Jacques Sirque;;Bizánci Brujahk;;Katherina, a Bölcs;;;;;;Orosz Brujahk;Dimitrij Piszarev;Carlak;Orosz Brujahk;Nikolaj Dobroljubov;Igor Grabowsky;;Bizánci Brujahk;Balkáni Brujahk;;;Luigi Visconti;Kánaánita Brujahk;Arab Brujahk;Arab Brujahk;Arab Brujahk;Fahd vezír;Shayke Khaled;;;;;;Abu Fatim Kateb;Mehtar;;;;Mohninda Vajpayee Cheram;;;;Sharbel;Lydia Dorn;;;;;;;;;Evan Rogers;Khaled Johnson;;;Reza Fatir;Janni;Amaris bat Ariela;Zen Benzion;;Kasim Bayar;Badr-al-Budur;;;;;;;;;;;;;;;;;;;;;Spanyol Lasombrák;;;;Mohammed al-Muthlim;;;;Holland Lasombrák;;;;;;;;;;;;;;;;;;;;;;;Karibi Lasombrák;;;;;;;;;;;;;;;;;Pacifico Grillati;;;;Olasz Lasombrák;Olasz Lasombrák;Olasz Lasombrák;;De Luc;Agnes;Amerikai Lasombrák;;;Magnus;;Olasz Lasombrák;Bizánci Lasombrák;Olasz Lasombrák;Catherine Esposito;Olasz Lasombrák;;;Nettie Halle;Vörös Macska;;Arab Gangrelek;Arab Gangrelek;Marpessa;;;;;;;;Kataryzna;;;;;;;;;;Karner Miklós;;;;;;;;Kürthy Ottó;Zárvadvölgyi Flóra;;;;;;;;;;;;Kostebra;Lars Thorwald;Harnuth;;;;Jebediah Roney;;Gerhard Grimm;;Amerikai Gangrelek;;;Philippe Rigaud;;Simon Lollen;Agyar;;;;;;;;;;;;;;Jackie Goodman;;;;;;;;;;;Alex Camille;Spider;Amerikai Gangrelek;;;;;;;;;;;;;;;;Natalie;Horrock;;;;;;;;;;Római Gangrelek;Mark Decker;;;;;;Vrana;;;;Andák;;;;;;;;;;;;;Elucid;;;Indigo;;Dalmáciai Zvar;;;;;;Alonzo Guillen;;;Lopez;;;;;;;;;Herman;Gerard Rafin;;Kanadai Nosferatuk;Holland Nosferatuk;Amos;;;;;;;;;;;;Keresztes Nosferatuk;Kánanáita Nosferatuk;;Hut;Thackery;;;Perzsa Nosferatuk;;Geoffrey Alan Montrose;;Torzpofa;;;Prudence Stone;;;Ausztrál Nosferatuk;;Raid;Remete;;;;;;;;;;Melmoth;;Raszputyin;;;;;;;;Terestyén;Magyar Nosferatuk;Erdélyi Nosferatuk;Ruxandra;Botond, az ?rült;;;;;Constantine;Emmet;Calebros;;;;;;Avery;Roger;Martin;Joseph Cambridge;;;;;;;;;;;Empedocles;;;;;Tamoszius Kuszleika;Ewa;;;Janka Djaglieva;Alexander Baslacsev;;;;;Bánrévy Ferenc;Koroknay Anna;Noël d'Artois;;L'Epuisette;Virgil;Maria da Vilardino;;;;;;;;;;;;;;;;;;;;;Francia Toreadorok;Genevi?ve Orseau;;Leopold;Annabelle Delacroix;Morgaine;Anntoinette Larusche;;;Carson Longbaugh;Yithzak;Marguerite Defallier;;Tristan;;Ferdinand Joseph von Anbeller;Allicia;Yven MacPhee;;Michael Payne;Teri;Montague Lytton;;;Francia Toreadorok;Ransam;;;;Paolo Mascotti;;;;Cantara;Bagoly;;;;;;Loius Detonas;;Gwendolyn Fleming;;;;;;;;;;;;;;;Leslie Wilkes;Guggenheim;Anne Hyatt;Timothy Sizemore;Marie Richauld;Amerikai Toreadorok;;Amerikai Toreadorok;;;;;;;;;;;;;;;Vivienne d'Alembert;Guss McCray;;;;Dominique Santo Paolo;;;;;;;;;;;;;;Christianne Foy;;;;;;;;;;;;;;;Pieter Blum;Mara;Mircea;Arthur Black;Andrássy Katinka;;Anastaz di Zagreb;Globitz Arnold;;Roger Greythwaite;Baradlay Gábor;;Annabelle;;Constantin Addams;Nigel Porter;Marie d'Richet;;;;Hannigan;Selena;;;Nicolai;Joseph Fitzwalter;Maurcroix;;;;Theresa Kymena;;Montelaine;;;;Morens;Gabriel;Julie Foster;Vojta Arminov;Adam Lumley;;Eszterházy Pál;Garwood Marshall;Elliot;Maldavis;Gregory Roiters;Ephraim Wainwright;Tak Pao;;Mehmed;O'Meara;;Helena Taylor;;;Honerius;;;
;;;;8. generáció;;;;;;;;;;;;;;;;;;;;;;;;;;;;;;;;9. generáció;;;;;;;;;;;;9. generáció;9. generáció;8. generáció;;8. generáció;9. generáció;;;;;;;;;9. generáció;;;;;;;;;;;9. generáció;;;;;;;;;;;;;;;;8. generáció;;;;;;;;;;;;;;;;;;;;;;;;;;9. generáció;9. generáció;9. generáció;;;;;9. generáció;9. generáció;9. generáció;9. generáció;9. generáció;9. generáció;9. generáció;;;9. generáció;9. generáció;9. generáció;;;;;;;;;;;;;;;;;;;;;;;9. generáció;;9-8-7. generáció;9. generáció;;9. generáció;;;;;;;;;;;;;;;9. generáció;;;;;;;;;;;;;;;;;;;;;;;;;9. generáció;;;;;;;;;;;9. generáció;;;9. generáció;;;;;;8. generáció;;8. generáció;;;;;;;8. generáció;;8. generáció;;8. generáció;;;9. generáció;;;;;;;9. generáció;9. generáció;;;;;;;9. generáció;;;;;;;;;;;;;9. generáció;;;;;;;;;;;;;;;9. generáció;9. generáció;;;9-8. generáció;;;;;;;;9. generáció;9. generáció;;9. generáció;9. generáció;;;;;8. generáció;8. generáció;;;;;;;;;9. generáció;9. generáció;;;;;;;9. generáció;;;;;;;;;;;;;;9. generáció;;;;;;;;;;;;;;;;;;;;;;8. generáció;;;;;;;8. generáció;;;;;;8. generáció;;;;;;8. generáció;;;;;;;;8. generáció;8-7-6. generáció;;;8. generáció;;;8-7. generáció;;;8. generáció;;8. generáció;8 .generáció;;;;;;8. generáció;8. generáció;;;;8. generáció;;;;;;;;;;;;;;;;;;;;;;7. generáció;7. generáció;;;;8. generáció;;;;;;;8. generáció;8. generáció;;8. generáció;8. generáció;;;;;;8. generáció;;;;;8. generáció;8. generáció;;;;;;9. generáció;9. generáció;;;;9. generáció;;;;9. generáció;9. generáció;;;;;;;;;9. generáció;9. generáció;;;9. generáció;9. generáció;9. generáció;9. generáció;;9. generáció;9. generáció;;;;;;;;;;;;;;;;;;;;;;;;;9. generáció;;;;;;;;;;;;;;;;;;;;;;;;;;;;;;;;;;;;;;;;;;;;8. generáció;;;;;;;;8. generáció;8. generáció;;;;8. generáció;;;;;8. generáció;;;;9. generáció;9. generáció;;;;9. generáció;;;;;;;;9. generáció;;;;;;;;;;9. generáció;;;;;;;;9. generáció;9. generáció;;;;;;;;;;;;9. generáció;9. generáció;9. generáció;;;;9. generáció;;9. generáció;;;;;9-7. generáció;;9. generáció;9. generáció;;;;;;;;;;;;;;9. generáció;;;;;;;;;;;9. generáció;9. generáció;;;;;;;;;;;;;;;;;9. generáció;9. generáció;;;;;;;;;;;9. generáció;;;;;;9. generáció;;;;;;;;;;;;;;;;;9. generáció;;;9. generáció;;9. generáció;;;;;;9. generáció;;;8. generáció;;;;;;;;;9. generáció;9. generáció;;;;9. generáció;;;;;;;;;;;;;;;9. generáció;9. generáció;;;;;9. generáció;;9. generáció;;;9. generáció;;;;;9. generáció;9. generáció;;;;;;;;;;9. generáció;;9. generáció;;;;;;;;9. generáció;;;9-8. generáció;9. generáció;;;;;9. generáció;9. generáció;9. generáció;;;;;;9. generáció;9. generáció;9. generáció;9. generáció;;;;;;;;;;;9. generáció;;;;;9. generáció;9. generáció;;;9. generáció;9. generáció;;;;;9. generáció;9. generáció;9. generáció;;9. generáció;9. generáció;9. generáció;;;;;;;;;;;;;;;;;;;;;;8. generáció;;8. generáció;8. generáció;8. generáció;8. generáció;;;8. generáció;8. generáció;8. generáció;;8. generáció;;8. generáció;8. generáció;8. generáció;;8. generáció;8. generáció;8. generáció;;;;8. generáció;;;;8. generáció;;;;9. generáció;9. generáció;;;;;;9. generáció;;9. genreráció;;;;;;;;;;;;;;;9. generáció;9. generáció;9. generáció;9. generáció;9. generáció;;;;;;;;;;;;;;;;;;9. generáció;9. generáció;;;;9. generáció;;;;;;;;;;;;;;8. generáció;;;;;;;;;;;;;;;9. generáció;9. generáció;9. generáció;9. generáció;9. generáció;;9. generáció;9. generáció;;9. generáció;8. generáció;;8. generáció;;8. generáció;8. generáció;8. generáció;;;;9. generáció;9. generáció;;;8. generáció;8. generáció;8. generáció;;;;8-7. generáció;;8. generáció;;;;8. generáció;8. generáció;8. generáció;8. generáció;8. generáció;;8. generáció;8. generáció;8. generáció;8. generáció;8. generáció;8. generáció;8. generáció;;9. generáció;9. generáció;;9. generáció;;;9. generáció;;;
;;;;;;;;;;;;;;;;;;;;;;;;;;;;;;;;;;;;Deutsch Antónia;;;;;;;;;;;;;Siskovits András;Nádasi Tersztyánszky Tivadar;Hunyadi Karolin;gróf Zichy István;Anton von Hohenzollern-Hechingen;;;;;;;;;;;;;;;;;;;;Lengyel Ventruek;Moszkvai Seinia;;;;;;;;;;;;;;;;;;;;;;;;;;;;;;;;;;;;;;;;;báró Pálffy Balázs;Dr. Robert Kenton;;;;;;;;;;;;gróf Perényi János;;;;vitéz Csabay Károly;;;;;;;;;;;;;;;;;;;;;;;;Amerikai Ventruek;;"""Énekes"" vérvonal / Sabbatista Salubrik";Thomas;;Indiai Salubrik;;;;;;;;;;;;;;;;;;;;;;;;;;;;;;;;;;;;;;;;Serena; Mercurio;;;;;;;;;;Amerikai Samedik;;;Arab Kappadókok;;;;;;Rosario Giovanni;Német Königek;Jason Milliner;;;;;;;;;Shlomo Rothstein;Olasz Putanescák;"Távol-Keleti
Li Wengek";Andreas Niccolo Giovanni;;Amerikai Giovannik;;;;;;;;;;;;;;;Faye Sharpless;Amerikai Malkaviták;;;;;;;;;;;;Amerikai Malkaviták;;;;;;;;;;;;;;;;Anatole, a Szent;;;;;;;;;;;;Ráday-Pötzl Letícia;;;;;;;;;;;;;;;;;;;;;;;;;;;;;;;;;;;;;;;;Német Malkaviták;Alexander Rosenbaum;;;;;;;;;;;;;;;;;;;;;Mama Lion;;Wrecker;;;;;Marc Levesque;Jimmy Holcomb-Neon;;;;;Amerikai Brujahk;;;;;;Magyar Brujahk;gróf Petr?czy István;báró Almássy Béla;báró Almássy Tivadar;;;;;Magyar Brujahk;"Joshua Tarnopolski ""Blackjack""";;Louise;Marguerite Foccart;;;;;;Dutch;Amerikai Brujahk;Lord Alfred;Sir Ralph Hamilton;;;;;;Theo Bell;Latin-Amerikai Brujahk;;;;Német Brujahk;;;;;;;;;;;;;;;;;;;;;;Thelonious;Amerikai Brujahk;;;;Cseh Brujahk;Lengyel Brujahk;Cosmas;Christof Romuald;Matek Kloshwit;Amerikai Brujahk;;Orosz Brujahk;Cseh Brujahk;;Orosz Brujahk;;;;;;;Andrea Visconti;;;;;Perzsa Brujahk;Arab Brujahk;;;;;;;Ayub;;;;;;;;Myrsus;Lydia Lezczenska;Gerhardt von Eich;;;;;;;;Jessica Tate-Duncan;;;;;;;;;;;;;;;;;;;;;;;;;;;;;;;;;;;Henry Taylor;Francesca;;;;;;;;;;;;;;;;;;;;;;;;;;;;;;;;;;;;;;;;;;;Masera;;;;;;;;;;;;;Sarah, a Tiszta;Peter, a Szerény;;;;Julius Sutphen;;;;;Juanita Santiago;;;;Kossos;;;;;;;;Mieszko Wisniewski;;;;;;;;;;;;;;;;;;Halassy László;;;;;;;;;;;;;Hosszúfogú Eirik;Ma'ia;Tiberiu;;;;Nicholas;;Német Gangrelek;Csontváry Ern?;;;;;;;Szonja;;;;;;;;;;;;;;Amerikai Gangrelek;;;;;;;;;;;;Amerikai Gangrelek;;;;;;;;;;;;;;;;;;Tanner;;;;;;;;;;;Derek Hillen;;;;;;René Lierre;;;;;;;;;;;;;;;;;;;;Frank Litzpar;;Balkáni Nosferatuk;Lyon-i Jean;;;;;;;;Cicatriz;Quetzal;;;;;;;;;;;;;George Lawrence;;;;;;;;;;;;;;;;;;;;;;;;;;Amerikai Nosferatuk;;;;;Nahd;Corvin;;;;;;;;;;;;Amelia;;;;;;;;Felix Schneider;;;;dr. Hamvasi Leó;;;;;;;;;;;;;;;;Jeremy Wix;;;;;;;;;;;;;;;;Kathy Glens;Andrzej Dunajski;;;;;;;;;;;;;;Corinda;;;;;;;;;;;;;;;;;;;;;;;Maxime;Trevor;;Eszékhy Ben?;Hortense Holden;Német Toreadorok;Johann Orheim;Hans Vroenik;Alice Babylon;Sabrina;Pablo;Abraham Garcia;Katherine;;Festetics Attila;Marie;Edward Blout;;;;Miranda;Ausztrál Toreadorok;;;Lin Jun;;;;Marija;;;;Aighar akhu Quzman;Enver Frasheri;;;;;;;;;;;;;;;;;;;;;;;;;Chas Voyager;Bánky Ármin;;;;;;;;;;;;;;;;;;;Alessandro Aiello;;;;;Mercy;;;;;;;;;;;;;;Shlomo Baruch;;;;;;;;;;;;;;;;Waclaw;Denelem;Grigor Wallach;;;;;;Jean-Michael du Pont-Ville;;;Valois Sang;;;Sebastian Walcott;;;;;;Alejandro Aguirre;;;Leopold;Bessenczy-Thewrewk Aurél;Mariane Dupuis;;;;;;;;;;;;;David Barkley;;;Brennberg Rudolf;;;Uriah;;Kevin Grumman;Aleksandra;;;Frank Weisshandel;;Cohn Rose;Pieter van Dorn;;;;;
;;;;;;;;;;;;;;;;;;;;;;;;;;;;;;;;;;;;10. generáció;;;;;;;;;;;;;10-9. generáció;9. generáció;9. generáció;9. generáció;10. generáció;;;;;;;;;;;;;;;;;;;;;10. generáció;;;;;;;;;;;;;;;;;;;;;;;;;;;;;;;;;;;;;;;;;10. generáció;10. generáció;;;;;;;;;;;;10. generáció;;;;10. generáció;;;;;;;;;;;;;;;;;;;;;;;;;;;10. generáció;;;;;;;;;;;;;;;;;;;;;;;;;;;;;;;;;;;;;;;;;;10. generáció;10. generáció;;;;;;;;;;;;;;;;;;;9. generáció;;9. generáció;;;;;;;;;9. generáció;;;9. generáció;;;;;;;;;;;;;;;;;10. generáció;;;;;;;;;;;;;;;;;;;;;;;;;;;;;10-6. generáció;;;;;;;;;;;;10. generáció;;;;;;;;;;;;;;;;;;;;;;;;;;;;;;;;;;;;;;;;;10. generáció;;;;;;;;;;;;;;;;;;;;;9. generáció;;9. generáció;;;;;9. generáció;9. generáció;;;;;;;;;;;;9. generáció;9. generáció;9. generáció;;;;;;8. generáció;;8. generáció;9. generáció;;;;;;9. generáció;;9. generáció;9. generáció;;;;;;9. generáció;;;;;;;;;;;;;;;;;;;;;;;;;;;8. generáció;;;;;;;9. generáció;9. generáció;9. generáció;;;;;;;;;;;;;9. generáció;;;;;;;;;;;;;10. generáció;;;;;;;;10. generáció;10. generáció;10. generáció;;;;;;;;10. generáció;;;;;;;;;;;;;;;;;;;;;;;;;;;;;;;;;;;10. generáció;10. generáció;;;;;;;;;;;;;;;;;;;;;;;;;;;;;;;;;;;;;;;;;;;9. generáció;;;;;;;;;;;;;9. generáció;9. generáció;;;;9. generáció;;;;;10. generáció;;;;10. generáció;;;;;;;;10. generáció;;;;;;;;;;;;;;;;;;10. generáció;;;;;;;;;;;;;10. generáció;10. generáció;10. generáció;;;;10. generáció;;;10. generáció;;;;;;;10. generáció;;;;;;;;;;;;;;;;;;;;;;;;;;;;;;;;;;;;;;;;;;;;10. generáció;;;;;;;;;;;10. generáció;;;;;;10. generáció;;;;;;;;;;;;;;;;;;;;10. generáció;;;10. generáció;;;;;;;;9. generáció;9. generáció;;;;;;;;;;;;;10. generáció;;;;;;;;;;;;;;;;;;;;;;;;;;;;;;;10. generáció;10. generáció;;;;;;;;;;;;10. generáció;;;;;;;;10. generáció;;;;10. generáció;;;;;;;;;;;;;;;;10. generáció;;;;;;;;;;;;;;;;10. generáció;10. generáció;;;;;;;;;;;;;;10. generáció;;;;;;;;;;;;;;;;;;;;;;;9. generáció;9. generáció;;9. generáció;9. generáció;;9. generáció;9. generáció;9. generáció;9. generáció;9. generáció;9. generáció;9. generáció;;9. generáció;9. generáció;9. generáció;;;;9. generáció;;;;9. generáció;;;;9. generáció;;;;10. generáció;10. generáció;;;;;;;;;;;;;;;;;;;;;;;;;10. generáció;10. generáció;;;;;;;;;;;;;;;;;;;10. generáció;;;;;10. generáció;;;;;;;;;;;;;;9. generáció;;;;;;;;;;;;;;;;10. generáció;10. generáció;10. generáció;;;;;;10. generáció;;;9. generáció;;;9. generáció;;;;;;10. generáció;;;9. generáció;9-8. generáció;9. generáció;;;;;;;;;;;;;9. generáció;;;9. generáció;;;9. generáció;;9. generáció;9. generáció;;;10. generáció;;10. generáció;10. generáció;;;;;
;;;;;;;;;;;;;;;;;;;;;;;;;;;;;;;;;;;;Hatvany Alexander;;;;;;;;;;;;;Ciprián pap;;;;Engelhard Alíz;;;;;;;;;;;;;;;;;;;;;Orosz Ventruek;;;;;;;;;;;;;;;;;;;;;;;;;;;;;;;;;;;;;;;;;;;;;;;;;;;;;;;;;;;;;;;;;;;;;;;;;;;;;;;;;;;;;Kervos;;;;;;;;;;;;;;;;;;;;;;;;;;;;;;;;;;;;;;;;;;Cseh Kappadókok;;;;;;;;;;;;;;;;;;;;Salvatore Giovanni;;Francis Milliner;;;;;;;;;Amerikai Rothsteinek;;;;;;;;;;;;;;;;;;;;;;;;;;;;;;;;;;;;;;;;;;;;;;;;;;;;;;;;;;;;;;;;;;;;;;;;;;;;;;;;;;;;;;;;;;;;;;;;;;;;;;;;;;;;;;;;;;;;;;;;;;;Vigyorgó Jack;Karibi Brujahk;Amerikai Brujahk;;;;;;;;;;;;;;;;;;gróf Zichy János Imre;;Fodor Mária;Müller Eik;Bajnok András;Fazakas Tibor;;;Neil Graham-Karl;Big John;Dezi;Crispus Attucks;Steve Booth;;;;;;;Galtre grófja;Gregory Habersohn;;;;;;;;;;;;;;;;;;;;;;;;;;;;;;;;;Amerikai Brujahk;;;;;;;;;;;;;;;;;;;;;;;;;;;;;;;;;;;Enam al-Dimshaq;;;;;;;;;Kazimiera Zuyus;;;;;;;;;;;;;;;;;;;;;;;;;;;;;;;;;;;;;;;;;;;;;;;;;;;;;;;;;;;;;;;;;;;;;;;;;;;;;;;;;;;;;;;;Keresztes Lasombrák;Brenda, a Holló / Ashirra;;;;;;;;;;;;Bizánci Lasombrák;Bizánci Lasombrák;;;;;;;;;;;;;;;;;;;;;Csontos Árpád;;;;;;;;;;;;;;;;;;;;;;;;;;;;;;;;;;;;;;;;;;;;;;;;;;;;;;;;;;;;;;;;;;;;;;;;;;;;;;;;;;;;;;;;;;;Ramona;;;;;;;;;;;;;;;;;;;;;;;;;;;;;;;;;;;;;;;;Keresztes Nosferatuk;Rannulf;;;;;;;;Tock;;;;;;;;;;;;;Gleen Courier;;;;;;;;;;;;;;;;;;;;;;;;;;;;;;;;;;;;;;;;;;;;Wolfgang;;;;;;;;;;;;;;;;;;;;;;;;;;;;;;;;;;;;;;;;;;;;;;;;;;;;;;;;;;;;;;;;;;;;;;;;;;;;;;;;;;;;;;;;Thomas de Lutrius;;;;Scheherezade;;;;;;Edith Blout;Enid Blouth;;;;;;;Jáde;Hong Kong-i Toreadorok;;;Festetics Natasa;;;;;;;;;;;;;;;;;;;;;;;;;;;;;;Rachel Evans;;;;;;;;;;;;;;;;;;;;Silvana Gardini;;;;;;;;;;;;;;;;;;;Paul Levesque;;;;;;;;;;;;;;;;;;;;;;;;;;;;;;;;;;;;;;;;;;;;;;;;;;;;;;Meredith Clark;;;;;;;;Aisling Sturbridge;Franklin Reece;Beatrix Bijou;;;;;;;;;;
;;;;;;;;;;;;;;;;;;;;;;;;;;;;;;;;;;;;11. generáció;;;;;;;;;;;;;10. generáció;;;;11. generáció;;;;;;;;;;;;;;;;;;;;;;;;;;;;;;;;;;;;;;;;;;;;;;;;;;;;;;;;;;;;;;;;;;;;;;;;;;;;;;;;;;;;;;;;;;;;;;;;;;;;;;;;;;11. generáció;;;;;;;;;;;;;;;;;;;;;;;;;;;;;;;;;;;;;;;;;;;;;;;;;;;;;;;;;;;;;;10. generáció;;10-9. generáció;;;;;;;;;;;;;;;;;;;;;;;;;;;;;;;;;;;;;;;;;;;;;;;;;;;;;;;;;;;;;;;;;;;;;;;;;;;;;;;;;;;;;;;;;;;;;;;;;;;;;;;;;;;;;;;;;;;;;;;;;;;;;;;;;;;;9. generáció;;;;;;;;;;;;;;;;;;;;10. generáció;;10. generáció;10. generáció;10. generáció;10. generáció;;;9. generáció;9. generáció;9. generáció;10. generáció;10. generáció;;;;;;;10-9-8. generáció;10. generáció;;;;;;;;;;;;;;;;;;;;;;;;;;;;;;;;;;;;;;;;;;;;;;;;;;;;;;;;;;;;;;;;;;;;11. generáció;;;;;;;;;11. generáció;;;;;;;;;;;;;;;;;;;;;;;;;;;;;;;;;;;;;;;;;;;;;;;;;;;;;;;;;;;;;;;;;;;;;;;;;;;;;;;;;;;;;;;;;10. generáció;;;;;;;;;;;;;;;;;;;;;;;;;;;;;;;;;;11. generáció;;;;;;;;;;;;;;;;;;;;;;;;;;;;;;;;;;;;;;;;;;;;;;;;;;;;;;;;;;;;;;;;;;;;;;;;;;;;;;;;;;;;;;;;;;;11. generáció;;;;;;;;;;;;;;;;;;;;;;;;;;;;;;;;;;;;;;;;;11. generáció;;;;;;;;10. generáció;;;;;;;;;;;;;11. generáció;;;;;;;;;;;;;;;;;;;;;;;;;;;;;;;;;;;;;;;;;;;;11. generáció;;;;;;;;;;;;;;;;;;;;;;;;;;;;;;;;;;;;;;;;;;;;;;;;;;;;;;;;;;;;;;;;;;;;;;;;;;;;;;;;;;;;;;;;10. generáció;;;;10. generáció;;;;;;10. generáció;10. generáció;;;;;;;10. generáció;;;;10. generáció;;;;;;;;;;;;;;;;;;;;;;;;;;;;;;11. generáció;;;;;;;;;;;;;;;;;;;;11. generáció;;;;;;;;;;;;;;;;;;;10. generáció;;;;;;;;;;;;;;;;;;;;;;;;;;;;;;;;;;;;;;;;;;;;;;;;;;;;;;10. generáció;;;;;;;;10. generáció;10. generáció;10. generáció;;;;;;;;;;
;;;;;;;;;;;;;;;;;;;;;;;;;;;;;;;;;;;;;;;;;;;;;;;;;;;;;;;;;;;;;;;;;;;;;;;;;;;;;;;;;;;;;;;;;;;;;;;;;;;;;;;;;;;;;;;;;;;;;;;;;;;;;;;;;;;;;;;;;;;;;;;;;;;;;;;;;;;;;;;;;;;;;;;;;;;;;;;;;;;;;;;;;;;;;;;;;;;;;;;;;;;;;;;;;;;;;;;;;;;;;;;Amerikai Millinerek;;;;;;;;;;;;;;;;;;;;;;;;;;;;;;;;;;;;;;;;;;;;;;;;;;;;;;;;;;;;;;;;;;;;;;;;;;;;;;;;;;;;;;;;;;;;;;;;;;;;;;;;;;;;;;;;;;;;;;;;;;;;;;;;;;;;;;;;;;;;;;;;;;;;;;;;;;;;;Jámbor Ádám;Szepesi Dániel;;;Borovszky Eduárd;;;;;;;;;;;;;;;;;;;;;;;;;;;;;;;;;;;;;;;;;;;;;;;;;;;;;;;;;;;;;;;;;;;;;;;;;;;;;;;;;;;;;;;;;;;;;;;;;;;;;;;;;;;;;;;;;;;;;;;;;;;;;;;;;;;;;;;;;;;;;;;;;;;;;;;;;;;;;;;;;;;;;;;;;;;;;;;;;Arab Lasombrák;Keresztes Lasombrák;;;;;;;;;;;;;;;;;;;;;;;;;;;;;;;;;;;;;;;;;;;;;;;;;;;;;;;;;;;;;;;;;;;;;;;;;;;;;;;;;;;;;;;;;;;;;;;;;;;;;;;;;;;;;;;;;;;;;;;;;;;;;;;;;;;;;;;;;;;;;;;;;;;;;;;;;;;;;;;;;;;;;;;;;;;;;;;;;;;;;;;;;;Karl Rottenbau;;;;;;;;;;;;;;;;;;;;;;;;;;;;;;;;;;;;;;;;;;;;;;;;;;;;;;;;;;;;;;;;;;;;;;;;;;;;;;;;;;;;;;;;;;;;;;;;;;;;;;;;;;;;;;;;;;;;;;;;;;;;;;;;;;;;;;;;;;;;;;;;;;;;;;;;;;;;;;;;;;;;;;;;;;;;;;;;;;;;;;;;;;;;;;;;;;;;;;;;;;;;;;;;;;;;;;;;;;;;;;;Jacques Gauthier;;;;;;;;;;;;;;;;;;;;;;;;;;;;;;;;;;;;;;;;;;;;;;;;;;;;;;Jekatyerina Alekszandrovna Scerbackaja;;;;;;;;;;;;;;;;;;;;
;;;;;;;;;;;;;;;;;;;;;;;;;;;;;;;;;;;;;;;;;;;;;;;;;;;;;;;;;;;;;;;;;;;;;;;;;;;;;;;;;;;;;;;;;;;;;;;;;;;;;;;;;;;;;;;;;;;;;;;;;;;;;;;;;;;;;;;;;;;;;;;;;;;;;;;;;;;;;;;;;;;;;;;;;;;;;;;;;;;;;;;;;;;;;;;;;;;;;;;;;;;;;;;;;;;;;;;;;;;;;;;;;;;;;;;;;;;;;;;;;;;;;;;;;;;;;;;;;;;;;;;;;;;;;;;;;;;;;;;;;;;;;;;;;;;;;;;;;;;;;;;;;;;;;;;;;;;;;;;;;;;;;;;;;;;;;;;;;;;;;;;;;;;;;;;;;;;;;;;;;;;;;;;;;;;;;;;;;;;;11. generáció;11. generáció;;;10. generáció;;;;;;;;;;;;;;;;;;;;;;;;;;;;;;;;;;;;;;;;;;;;;;;;;;;;;;;;;;;;;;;;;;;;;;;;;;;;;;;;;;;;;;;;;;;;;;;;;;;;;;;;;;;;;;;;;;;;;;;;;;;;;;;;;;;;;;;;;;;;;;;;;;;;;;;;;;;;;;;;;;;;;;;;;;;;;;;;;;;;;;;;;;;;;;;;;;;;;;;;;;;;;;;;;;;;;;;;;;;;;;;;;;;;;;;;;;;;;;;;;;;;;;;;;;;;;;;;;;;;;;;;;;;;;;;;;;;;;;;;;;;;;;;;;;;;;;;;;;;;;;;;;;;;;;;;;;;;;;;;;;;;;;;;;;;;;;;;;;;;;;;;;;;;;;;;;;;;;;;;;;;;12. generáció;;;;;;;;;;;;;;;;;;;;;;;;;;;;;;;;;;;;;;;;;;;;;;;;;;;;;;;;;;;;;;;;;;;;;;;;;;;;;;;;;;;;;;;;;;;;;;;;;;;;;;;;;;;;;;;;;;;;;;;;;;;;;;;;;;;;;;;;;;;;;;;;;;;;;;;;;;;;;;;;;;;;;;;;;;;;;;;;;;;;;;;;;;;;;;;;;;;;;;;;;;;;;;;;;;;;;;;;;;;;;;;11. generáció;;;;;;;;;;;;;;;;;;;;;;;;;;;;;;;;;;;;;;;;;;;;;;;;;;;;;;11. generáció;;;;;;;;;;;;;;;;;;;;
;;;;;;;;;;;;;;;;;;;;;;;;;;;;;;;;;;;;;;;;;;;;;;;;;;;;;;;;;;;;;;;;;;;;;;;;;;;;;;;;;;;;;;;;;;;;;;;;;;;;;;;;;;;;;;;;;;;;;;;;;;;;;;;;;;;;;;;;;;;;;;;;;;;;;;;;;;;;;;;;;;;;;;;;;;;;;;;;;;;;;;;;;;;;;;;;;;;;;;;;;;;;;;;;;;;;;;;;;;;;;;;;;;;;;;;;;;;;;;;;;;;;;;;;;;;;;;;;;;;;;;;;;;;;;;;;;;;;;;;;;;;;;;;;;;;;;;;;;;;;;;;;;;;;;;;;;;;;;;;;;;;;;;;;;;;;;;;;;;;;;;;;;;;;;;;;;;;;;;;;;;;;;;;;;;;;;;;;;;;;;;;;;;;;;;;;;;;;;;;;;;;;;;;;;;;;;;;;;;;;;;;;;;;;;;;;;;;;;;;;;;;;;;;;;;;;;;;;;;;;;;;;;;;;;;;;;;;;;;;;;;;;;;;;;;;;;;;;;;;;;;;;;;;;;;;;;;;;;;;;;;;;;;;;;;;;;;;;;;;;;;;;;;;;;;;;;;;;;;;;;;;;;;;;;;;;;;;;;;;;;;;;;;;;;;;;;;;;;;;;;;;;;;;;;;;;;;;;;;;;;;;;;;;;;;;;;;;;;;;;;;;;;;;;;;;;;;;;;;;;;;;;;;;;;;;;;;;;;;;;;;;;;;;;;;;;;;;;;;;;;;;;;;;;;;;;;;;;;;;;;;;;;;;;;;;;;;;;;;;;;;;;;;;;Hermész;;;;;;;;;;;;;;;;;;;;;;;;;;;;;;;;;;;;;;;;;;;;;;;;;;;;;;;;;;;;;;;;;;;;;;;;;;;;;;;;;;;;;;;;;;;;;;;;;;;;;;;;;;;;;;;;;;;;;;;;;;;;;;;;;;;;;;;;;;;;;;;;;;;;;;;;;;;;;;;;;;;;;;;;;;;;;;;;;;;;;;;;;;;;;;;;;;;;;;;;;;;;;;;;;;;;;;;;;;;;;;;;;;;;;;;;;;;;;;;;;;;;;;;;;;;;;;;;;;;;;;;;;;;;;;;;;;;;;;;;;;;;;;;;;;;;;;;;;
;;;;;;;;;;;;;;;;;;;; ;;;;;;;;;;;;;;;;;;;;;;;;;;;;;;;;;;;;;;;;;;;;;;;;;;;;;;;;;;;;;;;;;;;;;;;;;;;;;;;;;;;;;;;;;;;;;;;;;;;;;;;;;;;;;;;;;;;;;;;;;;;;;;;;;;;;;;;;;;;;;;;;;;;;;;;;;;;;;;;;;;;;;;;;;;;;;;;;;;;;;;;;;;;;;;;;;;;;;;;;;;;;;;;;;;;;;;;;;;;;;;;;;;;;;;;;;;;;;;;;;;;;;;;;;;;;;;;;;;;;;;;;;;;;;;;;;;;;;;;;;;;;;;;;;;;;;;;;;;;;;;;;;;;;;;;;;;;;;;;;;;;;;;;;;;;;;;;;;;;;;;;;;;;;;;;;;;;;;;;;;;;;;;;;;;;;;;;;;;;;;;;;;;;;;;;;;;;;;;;;;;;;;;;;;;;;;;;;;;;;;;;;;;;;;;;;;;;;;;;;;;;;;;;;;;;;;;;;;;;;;;;;;;;;;;;;;;;;;;;;;;;;;;;;;;;;;;;;;;;;;;;;;;;;;;;;;;;;;;;;;;;;;;;;;;;;;;;;;;;;;;;;;;;;;;;;;;;;;;;;;;;;;;;;;;;;;;;;;;;;;;;;;;;;;;;;;;;;;;;;;;;;;;;;;;;;;;;;;;;;;;;;;;;;;;;;;;;;;;;;;;;;;;;;;;;;;;;;;;;;;;;;;;;;;;;;;;;;;;;;;;;;;;;;;;;;;;;;;;;;;;;;;;;;;;;;;;;;;;;;;;;;;;;;13. generáció;;;;;;;;;;;;;;;;;;;;;;;;;;;;;;;;;;;;;;;;;;;;;;;;;;;;;;;;;;;;;;;;;;;;;;;;;;;;;;;;;;;;;;;;;;;;;;;;;;;;;;;;;;;;;;;;;;;;;;;;;;;;;;;;;;;;;;;;;;;;;;;;;;;;;;;;;;;;;;;;;;;;;;;;;;;;;;;;;;;;;;;;;;;;;;;;;;;;;;;;;;;;;;;;;;;;;;;;;;;;;;;;;;;;;;;;;;;;;;;;;;;;;;;;;;;;;;;;;;;;;;;;;;;;;;;;;;;;;;;;;;;;;;;;;;;;;;;;;
;;;;;;;;;;;;;;;;;;;;;;;;;;;;;;;;;;;;;;;;;;;;;;;;;;;;;;;;;;;;;;;;;;;;;;;;;;;;;;;;;;;;;;;;;;;;;;;;;;;;;;;;;;;;;;;;;;;;;;;;;;;;;;;;;;;;;;;;;;;;;;;;;;;;;;;;;;;;;;;;;;;;;;;;;;;;;;;;;;;;;;;;;;;;;;;;;;;;;;;;;;;;;;;;;;;;;;;;;;;;;;;;;;;;;;;;;;;;;;;;;;;;;;;;;;;;;;;;;;;;;;;;;;;;;;;;;;;;;;;;;;;;;;;;;;;;;;;;;;;;;;;;;;;;;;;;;;;;;;;;;;;;;;;;;;;;;;;;;;;;;;;;;;;;;;;;;;;;;;;;;;;;;;;;;;;;;;;;;;;;;;;;;;;;;;;;;;;;;;;;;;;;;;;;;;;;;;;;;;;;;;;;;;;;;;;;;;;;;;;;;;;;;;;;;;;;;;;;;;;;;;;;;;;;;;;;;;;;;;;;;;;;;;;;;;;;;;;;;;;;;;;;;;;;;;;;;;;;;;;;;;;;;;;;;;;;;;;;;;;;;;;;;;;;;;;;;;;;;;;;;;;;;;;;;;;;;;;;;;;;;;;;;;;;;;;;;;;;;;;;;;;;;;;;;;;;;;;;;;;;;;;;;;;;;;;;;;;;;;;;;;;;;;;;;;;;;;;;;;;;;;;;;;;;;;;;;;;;;;;;;;;;;;;;;;;;;;;;;;;;;;;;;;;;;;;;;;;;;;;;;;;;;;;;;;;;;;;;;;;;;;;;;;;;;;;;;;;;;;;;;;;;;;;;;;;;;;;;;;;;;;;;;;;;;;;;;;;;;;;;;;;;;;;;;;;;;;;;;;;;;;;;;;;;;;;;;;;;;;;;;;;;;;;;;;;;;;;;;;;;;;;;;;;;;;;;;;;;;;;;;;;;;;;;;;;;;;;;;;;;;;;;;;;;;;;;;;;;;;;;;;;;;;;;;;;;;;;;;;;;;;;;;;;;;;;;;;;;;;;;;;;;;;;;;;;;;;;;;;;;;;;;;;;;;;;;;;;;;;;;;;;;;;;;;;;;;;;;;;;;;;;;;;;;;;;;;;;;;;;;;;;;;
;;;;;;;;;;;;;;;;;;;;;;;;;;;;;;;;;;;;;;;;;;;;;;;;;;;;;;;;;;;;;;;;;;;;;;;;;;;;;;;;;;;;;;;;;;;;;;;;;;;;;;;;;;;;;;;;;;;;;;;;;;;;;;;;;;;;;;;;;;;;;;;;;;;;;;;;;;;;;;;;;;;;;;;;;;;;;;;;;;;;;;;;;;;;;;;;;;;;;;;;;;;;;;;;;;;;;;;;;;;;;;;;;;;;;;;;;;;;;;;;;;;;;;;;;;;;;;;;;;;;;;;;;;;;;;;;;;;;;;;;;;;;;;;;;;;;;;;;;;;;;;;;;;;;;;;;;;;;;;;;;;;;;;;;;;;;;;;;;;;;;;;;;;;;;;;;;;;;;;;;;;;;;;;;;;;;;;;;;;;;;;;;;;;;;;;;;;;;;;;;;;;;;;;;;;;;;;;;;;;;;;;;;;;;;;;;;;;;;;;;;;;;;;;;;;;;;;;;;;;;;;;;;;;;;;;;;;;;;;;;;;;;;;;;;;;;;;;;;;;;;;;;;;;;;;;;;;;;;;;;;;;;;;;;;;;;;;;;;;;;;;;;;;;;;;;;;;;;;;;;;;;;;;;;;;;;;;;;;;;;;;;;;;;;;;;;;;;;;;;;;;;;;;;;;;;;;;;;;;;;;;;;;;;;;;;;;;;;;;;;;;;;;;;;;;;;;;;;;;;;;;;;;;;;;;;;;;;;;;;;;;;;;;;;;;;;;;;;;;;;;;;;;;;;;;;;;;;;;;;;;;;;;;;;;;;;;;;;;;;;;;;;;;;;;;;;;;;;;;;;;;;;;;;;;;;;;;;;;;;;;;;;;;;;;;;;;;;;;;;;;;;;;;;;;;;;;;;;;;;;;;;;;;;;;;;;;;;;;;;;;;;;;;;;;;;;;;;;;;;;;;;;;;;;;;;;;;;;;;;;;;;;;;;;;;;;;;;;;;;;;;;;;;;;;;;;;;;;;;;;;;;;;;;;;;;;;;;;;;;;;;;;;;;;;;;;;;;;;;;;;;;;;;;;;;;;;;;;;;;;;;;;;;;;;;;;;;;;;;;;;;;;;;;;;;;;;;;;;;;;;;;;;;;;;;;;;;;;;;;;;;;;;
